EmpNumber,Age,Gender,EducationBackground,MaritalStatus,EmpDepartment,EmpJobRole,BusinessTravelFrequency,DistanceFromHome,EmpEducationLevel,EmpEnvironmentSatisfaction,EmpHourlyRate,EmpJobInvolvement,EmpJobLevel,EmpJobSatisfaction,NumCompaniesWorked,OverTime,EmpLastSalaryHikePercent,EmpRelationshipSatisfaction,TotalWorkExperienceInYears,TrainingTimesLastYear,EmpWorkLifeBalance,ExperienceYearsAtThisCompany,ExperienceYearsInCurrentRole,YearsSinceLastPromotion,YearsWithCurrManager,Attrition,PerformanceRating
E1001000,32,1,2,2,5,13,1.0,10,3,4,55,3,2,4,1,0,12,4,10,2,2,10,7,0,8,0,3
E1001006,47,1,2,2,5,13,1.0,14,4,4,42,3,2,1,2,0,12,4,20,2,3,7,7,1,7,0,3
E1001007,40,1,1,1,5,13,2.0,5,4,4,48,2,3,1,5,1,21,3,20,2,3,18,13,1,12,0,4
E1001009,41,1,0,0,3,8,1.0,10,4,2,73,2,5,4,3,0,15,2,23,2,2,5,6,1,6,0,3
E1001010,60,1,2,2,5,13,1.0,16,4,1,84,3,2,1,8,0,14,4,10,1,3,2,2,2,2,0,3
E1001011,27,1,1,0,1,3,2.0,10,2,4,32,3,3,1,1,0,21,3,9,4,2,9,7,1,7,0,4
E1001016,50,1,2,1,5,14,1.0,8,4,4,54,3,1,2,7,0,15,4,4,2,3,2,2,2,2,0,3
E1001019,28,0,1,2,1,3,1.0,1,2,1,67,1,1,2,7,1,13,4,10,4,3,7,7,3,7,1,3
E1001020,36,0,1,1,1,3,0.0,8,3,1,63,4,3,1,9,0,14,1,10,2,3,8,7,0,5,0,3
E1001021,38,0,1,2,1,3,1.0,1,3,3,81,3,3,3,4,1,14,4,10,4,4,1,0,0,0,0,3
E1001022,44,1,3,2,1,3,0.0,24,3,1,49,1,1,3,2,0,14,3,9,3,3,5,2,1,4,0,3
E1001024,47,0,3,0,5,13,2.0,3,3,4,49,3,4,3,9,1,12,4,28,2,2,5,2,1,13,0,3
E1001025,30,1,2,0,5,13,1.0,27,5,3,99,3,2,4,7,0,23,4,10,2,2,8,7,7,7,0,4
E1001027,29,1,1,2,5,14,1.0,10,3,3,99,3,1,3,1,0,11,3,1,3,3,1,0,0,0,0,3
E1001030,42,1,3,0,1,3,2.0,19,3,3,57,4,1,3,6,1,12,4,7,2,3,2,2,2,2,1,3
E1001035,34,0,3,2,1,3,1.0,8,2,2,96,3,2,3,3,0,11,4,10,2,3,5,1,4,3,0,3
E1001038,39,0,0,1,3,6,1.0,3,3,3,44,4,2,2,9,0,15,3,12,3,1,8,3,3,6,0,3
E1001040,56,1,3,1,1,3,1.0,9,3,3,81,3,4,4,7,0,11,3,10,1,2,10,7,1,1,0,3
E1001041,40,0,3,2,1,3,1.0,2,1,4,86,2,1,4,0,1,20,4,5,2,2,4,2,2,3,0,4
E1001042,27,0,3,2,1,3,1.0,7,3,4,55,2,2,1,8,0,19,1,9,2,1,7,6,0,7,0,3
E1001044,29,1,2,0,5,14,1.0,10,3,4,83,3,1,2,1,0,14,4,2,2,3,2,2,2,2,0,3
E1001047,53,1,1,2,1,3,1.0,6,3,4,86,3,2,4,2,0,17,4,19,4,3,2,2,2,2,0,3
E1001049,35,0,1,0,1,15,0.0,2,4,4,61,3,2,1,2,0,11,1,16,2,4,1,0,0,0,0,3
E1001050,32,1,1,1,1,3,2.0,24,4,1,80,3,2,4,1,0,15,4,10,2,3,10,8,4,7,0,3
E1001053,34,0,1,0,1,3,1.0,8,5,2,32,3,2,1,3,0,14,3,7,3,3,0,0,0,0,0,3
E1001054,52,1,2,1,5,8,1.0,3,4,3,31,2,4,1,1,0,11,1,10,3,4,5,6,1,3,0,4
E1001058,33,1,4,2,1,3,1.0,1,4,4,63,3,1,4,1,1,13,3,10,2,2,10,9,7,8,1,3
E1001059,25,0,3,2,5,13,1.0,26,1,3,32,3,2,4,1,0,23,2,6,3,2,6,5,1,4,0,4
E1001061,45,1,5,2,5,14,1.0,2,2,2,46,1,2,3,0,0,13,1,9,3,3,8,7,3,1,0,3
E1001062,23,1,3,2,1,3,1.0,10,1,1,79,4,1,3,1,0,18,4,2,3,3,2,2,0,2,0,3
E1001063,47,0,1,2,5,13,2.0,27,2,2,77,4,2,3,4,1,12,4,8,2,3,5,4,1,3,1,3
E1001064,34,1,4,2,5,13,1.0,2,3,4,60,3,2,4,1,0,22,3,6,3,3,6,5,1,4,0,4
E1001067,36,1,1,2,5,13,0.0,8,4,1,76,2,3,1,1,0,15,2,10,1,3,10,7,0,9,0,3
E1001069,52,1,3,1,1,3,0.0,19,4,4,41,3,1,4,0,0,18,1,5,3,3,4,3,1,2,0,3
E1001070,26,0,1,0,1,3,2.0,1,2,1,71,1,1,4,3,0,14,1,5,2,3,2,2,2,0,0,3
E1001071,29,0,3,1,1,3,1.0,27,3,2,66,3,2,3,4,0,12,1,11,3,2,8,7,1,1,0,3
E1001074,26,1,5,2,5,13,1.0,8,3,4,38,2,2,1,6,0,17,3,6,2,2,4,3,1,2,1,3
E1001075,34,0,1,2,1,3,1.0,1,4,2,72,4,1,4,2,0,16,3,10,2,3,4,2,1,3,0,3
E1001077,54,0,3,0,1,3,1.0,19,4,4,95,3,2,1,9,1,11,2,9,4,3,5,3,1,4,0,3
E1001078,27,1,2,1,5,13,2.0,8,1,3,84,3,2,4,0,0,19,2,5,3,3,4,2,1,1,0,3
E1001080,37,0,1,0,1,3,1.0,10,1,4,82,3,1,1,0,1,13,2,6,3,2,5,3,4,3,0,3
E1001081,38,0,1,2,1,3,2.0,2,4,1,75,4,2,1,6,1,12,4,17,2,3,15,7,4,12,0,3
E1001082,34,0,3,2,1,3,1.0,2,4,3,86,2,1,1,1,0,11,3,6,3,3,6,5,1,3,0,3
E1001083,35,0,1,1,5,14,1.0,8,4,1,72,3,1,4,1,0,16,2,3,1,2,3,2,0,2,0,3
E1001085,40,0,3,1,1,3,2.0,2,2,3,38,4,2,2,1,0,24,4,8,2,3,8,7,3,7,0,4
E1001086,34,0,1,1,5,13,1.0,8,2,3,93,3,2,1,5,0,17,2,6,1,3,3,2,1,2,0,3
E1001090,24,1,1,0,1,15,0.0,9,3,3,60,2,1,2,1,0,11,3,1,4,3,1,0,0,0,0,3
E1001091,52,0,1,1,1,15,1.0,11,4,4,82,3,2,3,8,0,20,2,9,3,3,5,2,1,4,0,4
E1001093,50,1,3,1,1,3,1.0,2,3,3,64,3,4,3,5,0,16,4,10,3,3,4,3,0,3,0,3
E1001094,29,0,1,1,1,3,1.0,1,2,2,36,2,1,1,1,1,11,4,1,1,3,1,0,0,0,1,3
E1001095,33,1,3,1,1,3,1.0,7,3,3,49,3,3,3,0,0,11,4,14,3,4,13,9,3,7,0,3
E1001097,33,0,2,2,5,13,1.0,16,3,1,69,3,2,1,5,0,15,3,6,3,3,3,2,0,2,1,3
E1001098,47,0,4,1,1,3,1.0,2,2,3,33,3,4,4,1,1,11,3,26,3,2,5,14,3,0,0,3
E1001101,36,0,4,1,1,3,1.0,1,3,3,35,3,2,2,0,0,15,1,10,2,3,9,7,0,5,0,3
E1001102,29,1,1,1,1,15,1.0,23,2,3,81,4,1,3,1,0,24,3,10,3,3,10,7,0,7,0,4
E1001104,35,0,1,2,1,15,1.0,1,4,4,40,4,1,3,3,0,13,3,7,3,3,2,2,2,2,0,3
E1001105,42,0,1,1,1,3,1.0,1,2,4,43,2,2,4,9,1,13,4,8,4,3,4,3,0,2,0,3
E1001106,28,1,3,2,1,3,1.0,2,4,3,46,3,1,3,6,0,17,4,5,3,2,2,2,2,1,1,3
E1001107,36,1,0,1,3,6,1.0,13,3,3,36,3,1,2,4,0,13,2,8,2,3,5,2,0,4,0,3
E1001110,40,1,3,2,1,3,2.0,16,4,1,51,2,2,3,6,0,14,4,10,3,3,1,0,0,0,0,3
E1001111,30,0,3,2,1,3,1.0,2,3,3,52,2,2,4,5,1,24,2,12,4,2,0,0,0,0,0,4
E1001112,45,0,1,2,1,3,1.0,2,3,2,95,2,1,3,1,0,14,4,1,3,3,1,0,0,0,0,3
E1001114,42,1,1,1,1,3,1.0,29,3,2,98,3,2,2,1,0,13,4,10,3,2,9,8,7,8,0,3
E1001115,38,1,1,0,1,3,2.0,12,3,1,45,2,2,1,2,0,15,3,13,3,2,4,3,1,2,0,3
E1001118,49,0,2,1,5,13,1.0,11,3,3,43,3,3,4,1,0,18,1,9,3,4,9,8,7,7,1,3
E1001120,55,1,3,2,5,13,1.0,2,1,3,37,3,2,4,4,0,16,3,12,3,2,9,7,7,3,1,3
E1001121,43,1,1,1,1,3,1.0,14,2,2,94,3,4,1,6,0,24,3,22,3,3,4,1,1,0,0,3
E1001122,27,1,5,0,1,3,1.0,5,1,3,42,2,3,4,1,1,16,2,9,3,3,9,8,0,8,0,3
E1001123,35,1,4,2,1,3,1.0,7,3,3,59,3,3,3,3,0,21,2,17,3,4,8,5,1,6,0,4
E1001124,28,0,2,1,5,13,1.0,2,4,2,81,3,2,2,1,1,20,1,8,2,3,8,7,7,5,0,3
E1001126,26,0,3,1,1,3,2.0,5,2,3,88,2,1,3,1,1,14,1,8,2,3,8,7,1,7,1,3
E1001128,27,1,3,1,1,3,0.0,3,3,4,50,3,1,4,1,0,11,3,0,3,2,0,0,0,0,0,3
E1001129,51,0,2,1,5,8,1.0,26,4,1,66,3,4,3,2,0,14,3,10,2,2,20,6,4,3,0,3
E1001130,44,1,3,2,1,3,1.0,4,3,4,50,3,2,2,9,0,12,4,10,2,2,5,2,2,3,0,3
E1001132,25,1,3,2,1,3,1.0,2,1,1,65,4,1,1,7,0,13,3,6,3,2,4,3,0,1,0,3
E1001134,35,0,3,2,1,15,1.0,27,1,3,53,2,1,1,1,0,11,4,6,3,2,6,5,1,1,0,3
E1001135,36,1,1,1,5,13,1.0,1,2,2,56,3,2,4,1,1,14,4,18,1,2,18,14,4,11,0,3
E1001140,53,0,2,1,5,13,1.0,7,2,1,78,2,3,4,7,1,18,4,10,3,3,5,2,0,4,0,3
E1001142,45,1,2,0,5,13,1.0,9,3,4,74,3,3,1,4,1,12,3,18,2,3,5,4,0,2,0,3
E1001143,32,0,3,1,1,3,1.0,8,2,3,91,4,2,3,5,0,12,3,9,3,2,5,3,1,3,0,3
E1001146,37,1,2,0,5,13,1.0,16,4,4,66,2,2,3,4,0,19,4,9,2,3,1,0,0,0,0,3
E1001147,28,1,3,0,3,6,1.0,8,2,2,63,2,1,4,1,0,13,4,6,3,3,5,1,0,4,0,3
E1001150,22,1,1,1,1,15,1.0,1,2,4,33,2,2,4,6,0,22,1,4,2,1,2,2,2,2,0,3
E1001152,44,1,1,1,1,3,1.0,8,4,1,62,4,1,4,2,1,24,3,10,2,2,3,2,0,2,0,3
E1001153,42,1,3,2,1,15,2.0,2,1,2,35,3,1,4,5,1,14,4,8,2,3,2,1,2,2,0,3
E1001156,36,1,1,1,3,6,1.0,8,3,1,77,2,1,1,0,0,21,3,6,3,3,5,4,0,3,0,3
E1001157,25,1,4,1,5,13,1.0,3,1,3,98,3,2,1,1,1,18,4,5,3,3,5,3,0,3,0,3
E1001159,35,0,1,0,1,3,2.0,25,4,4,96,3,1,2,1,1,19,1,10,3,2,10,2,7,8,1,3
E1001160,32,1,1,0,1,3,0.0,1,3,4,61,3,1,4,0,0,12,2,4,2,3,3,0,0,2,0,3
E1001165,49,0,5,1,0,1,1.0,1,3,3,36,3,1,1,2,0,16,2,7,2,3,4,2,0,2,0,3
E1001166,24,1,1,1,1,15,0.0,4,1,1,46,2,1,4,0,0,17,4,6,2,2,5,2,3,4,0,3
E1001167,32,1,1,1,5,13,2.0,5,2,2,48,3,2,2,1,0,14,4,10,3,3,10,8,5,3,0,3
E1001171,38,1,2,1,5,14,1.0,9,3,2,98,2,1,2,0,0,19,4,3,3,3,2,2,1,2,0,3
E1001173,31,1,1,1,1,15,1.0,11,4,4,48,3,1,4,3,1,19,2,8,2,3,6,4,0,2,0,3
E1001175,53,1,2,1,5,13,1.0,8,3,1,73,3,4,4,5,0,14,3,28,3,3,2,0,2,2,0,3
E1001178,37,0,3,1,5,14,2.0,21,2,3,54,3,1,4,5,0,15,2,10,3,3,5,4,0,0,0,3
E1001179,53,0,1,2,1,3,1.0,23,4,4,72,3,4,4,6,0,18,3,10,3,3,12,9,3,8,0,3
E1001180,43,0,1,1,1,3,2.0,1,3,4,33,3,2,4,4,0,13,2,12,2,2,5,2,2,2,0,3
E1001181,47,0,2,1,5,13,1.0,2,2,3,35,3,2,4,0,1,22,1,8,2,3,7,6,7,7,0,4
E1001182,37,1,3,2,5,13,0.0,19,2,1,32,3,3,2,1,1,13,4,10,2,3,10,0,0,9,0,3
E1001183,50,1,1,0,1,3,0.0,2,4,1,98,3,4,1,1,0,11,4,10,3,3,5,6,1,7,0,3
E1001187,39,0,1,1,3,6,1.0,2,3,4,42,2,2,4,8,0,11,3,13,2,3,5,4,0,4,0,3
E1001188,33,1,0,0,3,6,1.0,3,2,4,57,3,1,2,3,1,11,3,7,4,4,4,3,0,3,0,3
E1001189,32,1,1,2,1,3,1.0,25,4,1,87,3,1,4,1,1,24,3,1,2,1,1,0,0,1,1,3
E1001191,44,1,1,1,1,3,1.0,9,2,2,61,3,1,1,1,1,13,4,8,3,3,8,7,7,1,0,3
E1001196,58,1,1,0,1,3,2.0,2,1,4,57,2,1,4,9,1,14,4,3,3,2,1,0,0,0,1,3
E1001200,20,0,3,2,5,14,1.0,2,3,3,49,2,1,3,1,0,13,4,2,3,2,2,2,0,2,1,3
E1001201,21,0,4,2,0,1,1.0,18,1,4,65,3,1,4,1,0,19,1,1,3,2,1,0,0,0,1,3
E1001202,36,1,1,1,0,1,1.0,14,1,3,68,3,2,4,0,1,17,1,17,2,2,16,8,4,11,0,3
E1001203,47,0,1,2,5,14,1.0,2,4,4,65,2,1,4,1,1,18,1,3,3,2,3,2,1,2,0,3
E1001204,22,0,1,1,1,3,1.0,3,1,2,34,3,2,3,0,1,19,1,4,3,4,3,2,0,2,1,3
E1001208,28,0,3,0,1,3,1.0,9,3,3,77,3,1,3,5,0,18,2,6,2,3,2,2,2,2,0,3
E1001210,39,1,3,1,1,15,1.0,6,3,4,70,3,1,1,7,1,21,4,8,2,1,2,2,2,2,1,3
E1001211,27,0,1,2,1,3,1.0,4,3,2,76,3,1,3,1,0,19,3,1,2,3,1,1,0,0,0,3
E1001212,34,1,1,0,1,3,1.0,10,3,2,83,3,1,2,1,0,14,2,1,3,3,1,0,1,0,0,3
E1001214,42,0,3,2,5,13,1.0,14,2,3,68,2,2,3,7,0,17,1,10,3,3,5,4,0,3,0,3
E1001217,33,1,4,2,1,15,1.0,1,4,3,100,2,1,1,3,1,11,2,6,1,3,3,2,0,2,0,3
E1001218,58,0,5,0,1,15,1.0,5,3,3,37,2,3,2,2,1,13,4,24,3,3,6,0,0,4,0,3
E1001219,31,1,1,1,5,14,1.0,7,4,2,41,2,1,3,3,0,15,2,13,2,4,7,7,5,2,0,3
E1001220,35,0,1,1,1,15,1.0,21,1,4,51,3,2,4,1,1,25,4,10,2,1,10,6,0,7,0,3
E1001223,48,1,3,1,0,1,1.0,20,4,4,51,3,1,3,4,0,17,1,13,2,2,0,0,0,0,0,3
E1001225,31,0,2,1,5,13,0.0,20,2,4,45,3,2,3,1,0,13,4,9,2,2,9,8,0,0,0,3
E1001227,36,1,4,2,1,3,1.0,7,4,2,65,3,1,4,2,0,18,3,8,3,3,6,2,0,1,0,3
E1001228,38,0,5,1,1,15,1.0,1,3,4,80,3,3,1,1,0,13,2,15,3,3,15,12,5,11,0,3
E1001229,32,0,1,1,1,15,0.0,1,3,3,70,2,1,2,6,0,20,3,5,3,3,3,0,0,2,0,4
E1001230,25,1,2,1,5,14,1.0,19,2,3,36,2,1,2,1,1,18,3,1,2,3,1,0,0,0,1,3
E1001235,41,1,3,2,1,3,1.0,6,3,4,59,3,1,1,2,1,13,3,20,3,3,18,13,2,3,0,3
E1001236,36,1,3,2,1,3,1.0,2,4,3,79,3,1,3,4,0,21,3,16,3,3,11,8,3,9,0,4
E1001237,19,1,4,2,5,14,1.0,21,3,4,37,2,1,2,1,1,13,2,1,3,4,1,0,0,0,1,3
E1001238,20,1,5,2,1,3,1.0,4,3,1,84,3,1,1,1,0,19,2,1,2,3,1,0,0,0,1,3
E1001239,31,0,3,1,1,3,1.0,12,3,4,41,3,2,4,0,1,11,3,10,2,1,9,7,1,5,0,3
E1001245,36,1,1,1,5,13,1.0,3,1,3,51,2,3,4,1,1,11,1,16,3,3,16,7,3,7,1,3
E1001248,37,1,1,1,5,13,1.0,1,4,1,46,2,3,3,5,0,11,3,17,2,1,14,1,1,7,1,2
E1001250,45,1,1,1,1,3,0.0,4,2,3,57,3,2,2,1,0,12,2,9,3,2,9,7,0,8,0,3
E1001252,29,0,5,1,5,14,2.0,20,3,3,84,3,1,4,1,0,15,2,3,3,3,3,1,0,2,0,3
E1001253,35,0,3,1,5,13,1.0,18,3,3,86,3,2,3,1,0,16,2,5,3,3,5,2,1,0,0,3
E1001254,52,1,1,1,1,15,1.0,1,2,4,70,3,4,4,2,0,15,2,26,2,2,9,8,7,8,0,3
E1001259,53,1,3,0,5,8,1.0,2,2,3,45,3,4,3,6,0,13,3,22,3,4,17,13,1,2,0,3
E1001260,30,1,4,0,5,13,1.0,8,2,3,62,3,3,3,5,0,11,1,10,2,4,8,4,7,7,0,3
E1001262,35,1,1,0,5,13,1.0,3,4,4,92,3,3,4,6,0,13,2,12,2,3,10,9,0,8,0,3
E1001263,39,1,1,2,5,13,1.0,2,5,1,41,4,3,3,0,0,18,4,9,3,3,8,7,0,7,0,3
E1001264,40,0,1,2,5,13,0.0,24,3,2,100,4,4,2,4,1,16,4,22,2,2,1,0,0,0,1,3
E1001265,47,1,3,0,1,15,2.0,16,4,3,64,4,2,3,1,1,19,3,20,3,4,19,10,2,7,0,3
E1001268,36,1,5,0,5,13,0.0,8,4,1,84,3,2,4,4,0,13,4,12,3,3,7,7,0,7,0,3
E1001269,31,1,3,2,1,3,0.0,9,2,3,46,2,1,1,0,1,22,1,4,3,3,3,2,1,2,1,4
E1001270,33,1,1,2,5,8,0.0,17,3,4,38,3,4,3,1,0,11,4,10,2,3,10,8,6,0,0,3
E1001272,29,0,1,2,1,3,1.0,10,3,4,92,2,1,1,6,1,20,3,3,3,3,0,0,0,0,1,4
E1001273,33,0,1,2,1,3,1.0,13,1,2,53,3,1,4,3,0,18,1,5,4,3,3,2,0,2,0,3
E1001274,45,0,3,0,1,3,1.0,1,4,4,91,3,1,4,3,0,14,4,8,2,3,5,3,0,2,0,3
E1001275,50,1,3,0,1,15,1.0,1,2,4,66,3,4,4,9,0,22,3,10,1,2,5,4,1,3,0,4
E1001276,33,0,4,1,1,3,2.0,1,4,3,84,4,2,2,1,1,13,1,6,2,3,6,5,1,2,0,3
E1001277,41,1,3,0,1,3,2.0,9,3,1,64,3,5,3,2,0,17,2,21,2,4,18,3,0,11,0,3
E1001280,45,1,1,1,1,3,0.0,23,2,4,42,3,2,1,1,1,15,3,9,2,3,9,8,0,8,0,3
E1001281,47,0,1,2,5,13,1.0,4,2,4,83,3,2,4,1,1,17,3,9,3,3,9,0,0,7,0,3
E1001282,30,0,1,1,1,3,1.0,22,3,1,48,3,1,3,4,1,11,2,7,2,3,5,2,0,1,1,3
E1001283,50,1,1,1,1,3,1.0,24,3,4,95,3,4,3,3,1,18,4,22,2,3,12,11,1,5,0,3
E1001284,38,1,3,1,4,16,2.0,10,1,3,66,3,1,3,0,0,17,2,3,3,2,2,1,0,2,0,3
E1001288,35,1,4,0,4,7,1.0,14,4,3,39,2,1,2,1,1,24,4,5,2,1,4,2,0,2,1,3
E1001289,31,0,1,1,4,10,2.0,1,1,3,96,3,2,1,1,0,12,3,4,1,3,4,3,0,3,0,3
E1001290,18,1,1,2,4,12,0.0,5,2,2,73,3,1,4,1,0,15,4,0,2,3,0,0,0,0,0,3
E1001291,54,0,5,1,4,16,1.0,17,3,3,56,3,3,3,8,0,11,3,22,2,3,10,7,0,8,0,3
E1001292,35,0,3,0,4,5,1.0,25,4,3,57,3,3,3,1,1,11,3,16,3,2,16,10,1,1,0,3
E1001293,30,0,1,1,4,11,1.0,8,2,2,73,4,3,1,0,1,12,3,9,4,2,8,7,1,7,0,2
E1001296,26,1,3,1,4,16,1.0,2,2,4,32,4,2,4,1,0,12,2,8,2,3,8,7,1,3,0,3
E1001297,22,1,1,1,4,7,1.0,8,1,2,94,1,1,1,1,0,15,1,4,3,2,4,3,1,1,0,2
E1001300,48,1,1,2,4,5,1.0,6,3,1,97,2,2,3,2,0,13,4,19,3,3,2,2,2,2,0,2
E1001302,48,1,1,2,4,16,1.0,4,4,3,78,2,3,3,7,0,14,2,27,3,3,15,11,4,8,0,3
E1001303,41,0,3,2,4,10,1.0,7,2,4,42,3,2,3,6,0,14,2,8,3,3,2,2,2,1,0,3
E1001304,39,0,1,1,4,10,1.0,1,1,4,65,2,4,4,1,0,16,3,21,3,3,5,6,1,8,0,3
E1001305,27,0,1,1,4,16,1.0,2,4,1,47,3,2,4,0,0,18,2,4,2,3,3,2,2,2,0,2
E1001306,35,1,4,0,4,7,1.0,10,3,2,45,3,1,4,1,0,20,1,3,4,2,3,2,1,2,0,2
E1001307,42,1,2,1,5,8,1.0,5,2,4,90,3,5,3,6,0,13,2,21,3,4,1,0,0,0,0,4
E1001308,50,1,1,1,4,7,1.0,9,3,1,64,3,1,4,4,0,18,2,8,3,3,1,0,0,0,0,3
E1001310,59,0,1,2,4,10,1.0,2,3,3,69,2,4,4,3,1,13,1,10,4,3,5,3,4,3,0,3
E1001312,55,1,3,1,4,5,2.0,18,4,3,62,3,2,2,3,1,14,4,17,3,3,8,7,6,7,0,3
E1001313,41,0,1,0,4,11,0.0,7,1,2,55,1,5,3,1,0,22,2,21,3,3,5,3,5,10,0,2
E1001314,38,1,1,2,5,13,1.0,3,4,2,42,3,2,4,8,1,12,3,19,1,3,1,0,0,0,0,3
E1001315,26,1,3,2,5,13,0.0,29,2,2,79,1,2,1,8,0,18,4,7,3,3,2,2,2,2,1,2
E1001316,52,0,2,1,5,8,1.0,2,1,1,57,1,5,4,1,0,15,4,10,3,3,5,14,6,9,1,2
E1001317,44,0,3,1,5,13,1.0,28,3,4,53,4,4,4,3,1,18,3,23,2,3,12,11,1,11,0,3
E1001318,50,0,1,1,5,13,0.0,1,3,4,95,3,2,3,0,0,12,1,19,3,3,18,7,0,13,0,3
E1001321,39,0,3,2,4,10,2.0,22,3,4,82,3,3,1,1,1,13,3,21,2,3,5,6,2,8,0,3
E1001322,33,0,1,2,5,14,0.0,8,1,2,88,2,1,4,0,0,19,4,3,2,2,2,2,2,2,0,2
E1001323,45,0,1,1,5,8,1.0,11,2,4,90,3,4,4,3,0,13,2,26,4,4,9,3,1,1,0,3
E1001324,32,0,3,2,4,16,0.0,29,4,4,69,3,1,3,9,0,12,2,10,2,3,8,7,7,7,0,3
E1001325,34,1,2,0,5,13,1.0,1,4,2,75,4,2,4,0,0,11,4,16,2,2,15,1,0,9,0,3
E1001326,59,1,5,1,5,8,1.0,1,2,2,66,3,3,4,3,1,14,3,14,1,1,6,4,0,4,0,3
E1001327,45,1,3,2,3,6,1.0,24,4,2,36,3,1,2,1,0,16,1,6,3,3,6,3,0,4,0,3
E1001330,36,1,4,0,4,7,1.0,15,3,1,81,3,2,3,7,0,14,2,9,3,2,1,0,0,0,1,3
E1001331,26,1,1,1,4,12,2.0,2,3,1,57,3,1,1,6,1,14,2,6,2,3,3,2,1,2,1,2
E1001334,28,1,3,1,5,14,1.0,10,1,4,74,3,1,2,1,0,22,2,1,3,3,1,0,0,0,0,4
E1001338,38,1,4,1,4,16,2.0,3,4,3,44,3,1,3,3,0,16,1,8,2,3,2,2,2,2,0,3
E1001339,50,1,3,1,4,16,1.0,2,4,2,62,3,5,3,2,1,11,4,10,2,2,8,1,7,7,0,3
E1001340,37,0,4,2,4,5,1.0,3,3,4,35,3,2,2,3,0,15,1,8,3,2,4,3,0,1,0,3
E1001344,40,1,2,1,5,13,1.0,26,3,3,74,3,2,1,1,0,14,2,8,3,2,7,7,7,5,0,3
E1001346,26,0,3,0,4,12,2.0,1,1,1,66,2,1,3,1,0,13,3,5,3,3,5,3,1,3,0,2
E1001348,54,0,1,1,5,13,1.0,2,4,3,41,2,3,3,6,0,11,2,13,4,3,9,4,7,0,0,3
E1001349,56,0,3,1,4,16,2.0,9,3,1,63,3,1,3,2,0,19,2,18,4,3,5,4,0,3,0,3
E1001351,36,0,3,2,4,10,1.0,12,5,4,51,2,3,4,0,0,11,2,15,2,2,14,8,7,8,0,3
E1001352,55,1,3,2,4,8,0.0,2,1,3,40,2,4,1,7,0,15,2,10,3,4,9,7,6,2,0,4
E1001354,43,1,3,0,5,13,1.0,25,3,3,79,2,3,4,5,0,13,3,18,3,3,1,0,0,0,0,3
E1001355,20,0,2,2,5,14,2.0,9,3,4,54,3,1,4,1,1,14,2,2,3,3,2,2,0,2,1,3
E1001357,21,0,1,2,4,16,1.0,10,3,3,36,2,1,1,1,0,13,1,1,3,2,1,0,1,0,1,3
E1001358,46,0,1,0,4,16,1.0,8,4,4,74,2,2,1,8,1,23,1,19,2,3,16,13,1,7,0,4
E1001360,28,1,5,2,4,16,0.0,24,2,2,72,2,3,1,1,0,12,1,10,2,2,10,7,1,9,1,2
E1001361,26,1,3,1,4,7,1.0,1,2,1,59,2,1,1,1,0,16,1,6,2,3,5,3,1,3,0,2
E1001362,30,1,4,1,4,16,1.0,20,3,3,85,3,2,1,0,0,15,3,7,1,2,6,2,0,2,0,3
E1001366,38,0,1,1,4,5,1.0,17,1,3,65,2,3,3,0,0,18,1,20,4,2,19,9,1,9,0,3
E1001370,40,1,5,1,4,16,1.0,20,4,1,61,3,3,4,4,0,20,4,14,3,3,11,10,1,1,0,2
E1001372,27,1,1,1,4,16,0.0,8,5,1,87,1,1,3,1,0,19,4,3,4,3,3,2,1,2,0,2
E1001374,55,1,1,1,4,9,2.0,2,1,4,65,3,3,2,3,0,18,2,23,4,3,3,2,1,2,0,3
E1001376,44,1,3,1,3,6,1.0,1,2,2,91,2,3,1,9,0,14,4,24,1,3,20,6,3,6,1,2
E1001379,33,0,3,2,4,12,2.0,29,4,1,54,2,2,3,1,0,22,2,14,4,3,13,7,3,8,1,2
E1001381,34,1,1,2,4,5,2.0,3,1,1,45,3,2,4,0,0,17,3,7,1,2,6,2,0,4,0,3
E1001384,25,1,5,1,4,9,1.0,4,1,4,32,3,1,4,1,1,15,2,7,3,4,7,7,5,6,1,3
E1001385,26,1,3,0,4,9,1.0,21,3,1,37,3,1,3,1,0,20,3,1,3,2,1,1,0,0,1,4
E1001387,42,1,3,1,4,8,1.0,2,2,4,35,3,4,1,0,0,17,4,23,3,3,5,6,1,7,0,3
E1001389,28,1,3,0,4,9,2.0,1,3,1,45,2,1,2,1,0,15,1,1,2,3,1,0,0,0,1,3
E1001391,50,1,4,2,5,13,2.0,1,4,4,81,3,2,3,3,1,14,4,5,4,3,0,0,0,0,1,3
E1001392,33,0,1,1,5,13,2.0,7,3,4,30,3,2,2,0,0,17,3,4,3,3,3,2,0,2,0,3
E1001393,34,1,1,1,4,12,0.0,3,4,3,40,2,1,4,3,0,17,4,6,2,3,0,0,0,0,0,3
E1001394,48,1,3,2,4,9,0.0,1,4,1,35,4,4,4,2,0,22,3,27,3,2,5,4,2,1,0,2
E1001395,45,0,1,1,5,13,0.0,9,4,2,65,2,2,3,1,0,13,4,15,2,3,15,10,4,12,0,2
E1001396,52,1,1,2,4,5,1.0,7,4,2,87,3,3,2,7,0,19,4,18,4,3,8,6,4,0,0,2
E1001397,38,1,2,0,5,13,1.0,10,4,3,73,2,3,3,0,1,14,2,9,2,3,8,7,2,7,0,3
E1001398,29,0,1,0,4,9,1.0,28,4,3,93,3,1,4,4,0,22,1,11,1,3,7,5,1,7,0,4
E1001399,28,0,3,0,4,10,1.0,3,3,4,93,3,3,2,0,0,17,2,10,3,2,9,7,1,7,0,3
E1001402,46,1,2,1,5,8,1.0,3,1,1,52,3,4,3,3,0,12,4,23,3,3,12,9,4,9,0,2
E1001403,38,1,2,2,5,13,1.0,2,2,4,32,3,3,2,7,0,16,3,10,2,3,1,0,0,0,0,3
E1001405,39,1,1,0,4,5,2.0,2,3,1,84,3,4,4,7,0,11,4,21,4,3,18,7,1,5,1,2
E1001406,40,1,3,2,4,9,1.0,14,3,3,44,2,5,3,1,0,14,1,21,2,4,20,7,4,9,0,3
E1001410,39,1,1,2,4,7,0.0,9,3,3,70,3,2,2,9,0,15,3,9,2,2,5,4,0,3,0,3
E1001411,36,1,1,2,4,10,0.0,18,4,1,78,3,2,4,2,0,20,1,18,3,3,11,9,0,9,0,3
E1001413,31,1,1,1,5,14,2.0,20,3,3,67,4,1,4,0,0,12,1,3,4,3,2,2,2,2,0,3
E1001414,28,1,1,1,4,9,1.0,2,1,1,67,2,1,2,0,0,17,1,6,2,1,5,3,0,4,0,3
E1001415,35,1,2,0,5,13,2.0,11,2,4,54,3,2,4,1,0,11,4,5,3,3,5,2,0,2,0,3
E1001416,49,1,5,1,5,13,1.0,8,4,4,56,2,4,2,6,0,17,2,22,3,3,9,8,2,3,0,3
E1001418,34,1,1,2,4,9,2.0,2,2,4,95,3,2,3,2,0,11,4,5,3,2,3,2,0,2,0,3
E1001421,29,0,1,0,4,12,2.0,10,3,4,61,3,1,2,0,0,14,4,8,2,2,7,5,1,1,0,3
E1001426,42,1,3,2,4,7,1.0,29,3,2,56,1,2,4,4,0,19,1,16,3,3,1,0,0,0,0,3
E1001428,29,1,3,1,4,10,1.0,8,1,2,79,2,2,4,1,1,15,3,10,2,2,10,7,1,2,0,2
E1001432,28,1,1,0,4,12,2.0,6,3,3,39,2,1,3,1,1,14,4,3,2,3,3,1,0,2,0,3
E1001434,18,1,3,2,4,7,0.0,8,1,3,80,3,1,3,1,0,12,4,0,3,3,0,0,0,0,1,3
E1001435,33,0,2,2,5,13,1.0,9,4,1,77,3,2,1,0,1,17,1,6,3,3,5,2,0,3,1,3
E1001436,41,1,1,1,4,7,1.0,12,4,2,46,3,1,4,3,1,11,1,6,4,3,1,0,0,0,0,3
E1001438,31,1,3,1,4,7,2.0,15,3,3,72,3,1,3,1,0,12,3,2,3,2,2,2,2,2,1,3
E1001439,37,0,3,0,4,5,1.0,25,2,3,52,2,2,4,7,0,13,3,9,2,3,6,2,1,3,0,3
E1001440,27,1,1,1,4,12,1.0,6,3,4,55,2,1,3,1,0,13,3,4,3,3,4,2,2,2,0,3
E1001441,34,0,1,1,5,13,1.0,9,1,2,70,3,2,3,1,0,20,1,6,3,2,6,5,1,3,0,2
E1001442,35,1,5,2,3,6,1.0,8,4,3,100,3,1,3,1,0,17,2,6,2,1,5,4,1,4,0,2
E1001443,29,0,1,1,5,13,1.0,23,1,4,45,2,3,1,1,0,13,1,11,3,1,11,8,3,10,1,2
E1001444,40,0,3,2,4,11,2.0,9,4,2,88,3,3,3,9,0,17,3,20,3,2,18,7,2,13,0,2
E1001445,42,1,1,2,5,13,2.0,12,3,3,44,3,4,1,0,1,12,2,22,2,2,5,9,1,14,1,3
E1001449,42,1,2,2,5,13,1.0,4,4,2,45,3,2,1,7,0,13,4,9,3,4,6,4,1,5,0,4
E1001451,24,1,3,2,4,7,1.0,24,3,4,49,3,1,2,8,0,22,4,6,2,3,4,3,1,2,0,4
E1001453,28,0,1,1,4,9,1.0,12,1,3,79,3,1,4,1,1,11,4,1,4,2,1,1,0,0,1,3
E1001455,26,1,3,1,4,9,1.0,3,4,1,82,4,1,4,1,0,22,2,8,2,3,8,7,0,7,0,3
E1001457,30,1,2,1,5,13,1.0,10,3,3,72,2,2,3,1,0,18,1,10,3,3,10,3,1,4,0,3
E1001458,40,0,3,1,4,12,2.0,26,2,3,92,2,2,4,3,1,13,4,16,3,1,1,1,0,0,0,3
E1001460,35,1,1,0,4,10,1.0,2,3,3,44,2,3,2,2,0,18,2,15,2,4,7,7,6,4,0,3
E1001462,34,1,3,2,4,5,2.0,1,3,4,97,2,2,1,0,0,20,3,14,3,3,13,9,4,9,0,4
E1001463,35,1,4,1,4,7,2.0,4,4,4,47,2,1,4,1,0,13,2,2,2,4,2,2,2,2,0,3
E1001466,43,0,2,2,5,13,1.0,9,3,1,85,1,2,3,8,0,13,2,7,2,2,4,3,1,3,1,2
E1001468,32,0,1,0,5,14,0.0,2,1,3,76,3,1,1,1,0,12,3,1,3,3,1,0,0,0,0,3
E1001469,56,0,5,0,4,8,1.0,4,4,4,92,3,5,1,4,0,13,4,28,2,3,5,2,4,2,0,3
E1001470,29,0,3,1,4,9,1.0,6,1,2,54,3,1,4,1,0,13,1,10,3,3,10,8,0,8,0,3
E1001471,19,1,1,2,4,12,1.0,9,2,3,54,3,1,1,1,0,25,3,1,4,3,1,1,0,0,0,4
E1001473,45,0,3,1,4,9,1.0,7,3,1,83,3,1,3,4,1,19,3,7,2,2,3,2,0,2,0,3
E1001474,37,0,1,1,4,10,1.0,1,3,4,56,2,2,4,1,0,13,2,14,2,2,14,8,3,11,0,3
E1001478,44,1,1,2,4,9,1.0,10,4,3,96,3,1,3,1,1,11,3,6,4,3,6,4,0,2,1,3
E1001479,53,0,3,0,4,9,1.0,7,2,4,50,3,5,3,3,0,18,2,26,3,3,7,7,4,7,0,3
E1001481,22,1,1,1,4,9,2.0,3,4,3,48,2,1,4,0,1,11,2,1,3,3,0,0,0,0,1,3
E1001482,46,0,2,1,5,8,1.0,2,3,3,69,3,4,1,8,0,23,1,28,2,3,5,3,1,9,0,4
E1001484,44,1,1,2,4,12,0.0,17,3,4,74,1,1,3,2,0,13,4,6,3,3,0,0,0,0,0,3
E1001485,33,1,0,1,3,6,1.0,2,3,2,99,3,1,3,1,0,13,4,5,2,3,5,4,1,4,0,2
E1001489,30,1,1,0,5,13,1.0,29,4,3,61,3,2,1,8,0,19,3,8,3,3,4,3,0,3,0,3
E1001490,40,1,3,1,5,13,2.0,2,4,2,62,3,2,2,5,0,12,4,5,2,3,0,0,0,0,0,3
E1001493,50,0,3,1,4,9,2.0,2,3,4,30,3,4,1,2,0,22,3,10,3,3,2,2,2,2,0,4
E1001495,46,1,1,1,4,9,1.0,15,2,4,52,3,5,2,5,0,11,1,25,2,3,4,2,0,3,0,3
E1001496,35,1,1,1,5,13,1.0,17,4,3,94,3,2,1,3,1,15,4,15,2,3,7,7,1,7,0,3
E1001497,24,0,1,1,4,7,1.0,17,2,4,97,3,1,2,1,0,13,1,1,3,1,1,0,0,0,1,3
E1001498,33,0,3,1,5,13,2.0,25,3,2,82,3,2,3,1,0,12,1,10,3,2,10,7,0,1,0,3
E1001499,36,1,1,0,4,7,1.0,6,4,3,60,1,1,3,1,0,14,3,7,4,3,7,7,1,7,0,3
E1001503,44,1,4,2,4,12,1.0,29,4,4,32,3,2,4,1,0,25,2,20,3,3,20,11,1,3,0,4
E1001509,42,1,3,1,3,6,0.0,2,5,4,79,4,2,1,7,0,16,1,10,3,4,4,3,0,3,0,4
E1001512,32,0,4,1,4,7,2.0,13,3,3,77,2,1,2,1,0,20,3,2,2,3,2,2,2,2,0,4
E1001513,32,0,1,2,4,9,2.0,2,2,4,38,3,2,3,4,1,14,4,10,2,3,8,7,0,7,0,3
E1001515,36,0,5,0,4,10,1.0,1,3,3,77,1,3,1,2,1,21,3,17,2,3,7,7,7,7,0,4
E1001516,33,1,3,1,4,12,1.0,9,3,1,60,3,1,4,0,0,13,2,15,3,3,14,10,4,10,0,2
E1001518,25,1,1,2,5,13,1.0,10,4,3,57,3,2,4,0,0,14,2,5,4,3,4,3,1,1,0,3
E1001520,42,0,3,1,4,11,2.0,26,5,1,60,3,3,1,3,1,17,3,20,3,3,1,0,0,0,0,3
E1001522,27,1,1,1,4,9,1.0,14,3,1,42,3,1,1,1,1,14,4,9,3,2,9,7,6,8,0,2
E1001523,54,0,1,0,4,10,2.0,1,4,4,53,3,3,3,7,0,17,1,10,2,1,5,4,1,4,0,3
E1001524,44,0,1,1,4,9,1.0,2,1,1,72,4,1,4,1,0,13,4,10,3,3,10,5,7,7,0,2
E1001526,19,0,3,2,4,12,0.0,10,3,1,96,2,1,2,1,1,25,2,1,2,4,1,1,0,0,1,4
E1001528,54,1,1,1,4,11,1.0,3,3,4,85,3,4,4,3,0,14,1,10,2,3,10,9,0,9,0,3
E1001529,31,1,3,1,4,9,1.0,11,2,3,80,3,2,1,1,1,12,4,6,2,2,6,5,0,1,0,3
E1001533,43,1,1,1,4,11,1.0,3,3,3,96,1,5,4,3,0,14,2,25,2,3,8,7,0,7,0,3
E1001534,49,1,3,1,4,9,1.0,4,2,1,85,2,5,3,2,0,13,3,23,2,4,1,0,0,0,0,3
E1001535,36,1,5,1,4,12,2.0,3,3,3,46,3,1,2,1,0,12,3,12,2,2,11,10,0,7,0,3
E1001536,48,1,5,2,4,7,1.0,2,2,4,76,4,1,2,5,0,11,3,7,4,2,1,0,0,0,0,3
E1001538,29,1,1,0,4,9,1.0,7,3,3,82,3,2,4,1,1,11,2,6,2,3,6,0,1,0,0,3
E1001541,48,1,1,2,4,11,1.0,1,3,4,76,2,5,4,6,0,12,3,25,3,4,1,0,0,0,0,4
E1001542,29,0,1,0,4,11,1.0,1,3,4,87,2,4,4,3,0,14,2,9,2,2,7,7,1,7,0,3
E1001545,44,1,2,1,5,8,1.0,5,3,2,88,3,5,2,7,0,11,3,26,3,3,5,9,3,10,0,2
E1001548,23,1,1,1,4,12,1.0,1,2,4,47,3,1,3,1,0,22,4,1,2,3,1,0,0,1,0,4
E1001553,26,1,1,2,4,12,1.0,4,2,3,53,3,1,4,1,1,20,2,8,2,2,8,5,2,2,0,4
E1001555,45,0,2,2,5,8,1.0,2,3,1,94,1,5,2,2,1,16,1,26,2,3,5,10,1,11,1,2
E1001556,55,1,3,0,4,5,0.0,8,1,4,37,2,4,2,1,1,15,4,10,3,3,5,9,1,0,0,3
E1001557,21,0,1,2,4,7,2.0,10,2,1,45,2,1,3,1,0,20,3,2,2,1,2,2,2,2,1,2
E1001558,46,0,2,1,5,8,1.0,4,2,4,33,2,5,2,2,0,14,3,26,2,3,11,4,0,8,0,3
E1001559,34,0,2,2,5,13,1.0,2,3,3,86,3,2,1,0,1,12,4,4,3,3,3,2,0,2,0,3
E1001560,51,1,1,0,5,8,2.0,9,3,4,83,3,5,2,4,1,24,1,10,3,2,5,10,1,10,0,4
E1001561,59,1,3,2,4,9,1.0,18,4,4,67,3,3,4,6,0,12,4,25,3,2,9,7,5,4,0,3
E1001563,34,0,3,0,4,7,2.0,19,3,3,46,3,2,2,4,0,13,3,15,2,4,11,8,5,10,0,3
E1001564,28,1,3,2,4,7,2.0,1,4,4,44,3,1,3,0,1,11,3,5,2,2,4,2,0,2,0,3
E1001566,44,1,1,0,4,9,1.0,4,2,3,92,4,5,1,1,0,14,4,26,4,2,5,9,1,13,0,3
E1001567,34,1,1,1,3,6,2.0,11,3,3,56,2,2,2,4,0,11,4,14,3,4,10,9,1,8,0,3
E1001569,35,1,1,1,4,12,1.0,6,1,3,66,3,1,3,0,1,14,4,4,3,3,3,2,2,2,0,3
E1001570,42,0,3,1,4,12,1.0,7,4,2,78,4,2,2,6,1,16,4,18,2,3,1,0,0,0,0,3
E1001571,43,0,2,2,5,13,1.0,4,4,4,56,2,3,4,3,0,14,4,23,3,4,5,7,1,3,0,3
E1001572,36,0,1,2,4,10,1.0,2,4,3,53,3,2,2,9,1,11,4,18,2,3,16,14,5,12,0,3
E1001574,28,1,1,1,4,7,2.0,2,3,4,52,2,1,4,1,1,12,2,2,2,3,2,2,2,2,0,3
E1001575,51,0,3,2,4,7,2.0,6,2,2,40,2,1,3,0,0,14,2,8,3,2,7,0,7,7,0,3
E1001576,30,0,3,2,4,10,0.0,9,2,3,72,3,2,3,7,1,18,3,10,3,3,8,4,1,7,0,3
E1001577,29,0,5,0,4,7,1.0,7,3,2,39,3,1,3,3,1,13,1,10,2,3,7,7,7,7,1,2
E1001579,28,1,5,2,4,12,1.0,1,3,4,84,3,1,1,2,0,11,2,5,2,2,3,2,1,2,0,3
E1001581,25,0,3,2,4,12,1.0,1,3,4,40,3,1,2,1,0,18,4,2,3,2,2,2,2,1,0,3
E1001582,32,1,3,1,5,13,1.0,8,3,3,56,4,2,4,1,0,15,3,10,4,4,10,7,0,8,0,3
E1001584,45,0,3,2,4,8,2.0,25,3,2,83,3,5,2,3,0,22,3,22,4,3,0,0,0,0,0,4
E1001585,39,0,3,0,4,8,1.0,13,4,3,94,2,4,2,6,1,13,4,21,4,3,19,9,1,2,0,3
E1001586,58,1,1,0,4,12,1.0,23,4,1,88,3,1,3,1,0,12,4,2,3,3,2,2,2,2,0,2
E1001587,32,1,1,1,4,9,1.0,7,2,4,79,3,2,3,1,0,18,1,10,3,3,10,4,1,1,1,3
E1001590,36,0,5,1,4,5,1.0,10,4,4,63,3,3,3,3,0,12,1,10,3,3,7,7,1,7,0,3
E1001592,46,0,1,2,3,6,1.0,1,2,4,44,3,1,1,6,0,12,3,10,3,4,7,6,5,7,0,3
E1001593,28,0,1,1,4,9,0.0,1,3,3,55,1,2,4,0,0,11,1,10,3,3,9,8,7,5,0,3
E1001595,50,0,1,1,4,9,1.0,28,3,4,43,3,4,1,4,1,11,2,25,2,3,3,2,1,2,0,3
E1001596,40,1,2,2,5,13,1.0,25,4,4,57,2,3,2,2,1,12,3,9,2,3,5,4,1,0,1,3
E1001597,52,1,1,2,5,13,1.0,5,3,2,64,3,3,2,9,1,19,3,10,2,2,8,7,7,7,1,2
E1001602,31,0,1,0,5,13,0.0,2,4,4,57,3,3,3,1,1,19,1,10,3,2,10,8,1,6,0,3
E1001607,41,1,3,2,5,13,0.0,10,2,3,40,1,2,2,1,0,13,1,19,4,3,19,2,1,9,0,3
E1001614,55,0,3,1,4,8,1.0,2,2,4,58,1,5,3,4,0,14,4,23,3,3,19,9,1,11,0,3
E1001616,56,1,1,2,3,8,1.0,8,4,4,99,3,5,2,6,0,14,1,10,4,3,7,3,7,7,0,3
E1001618,40,1,1,0,4,12,0.0,16,2,3,74,3,1,3,9,0,16,2,6,3,3,4,2,0,0,0,3
E1001622,34,1,1,0,4,5,1.0,9,3,4,86,3,3,4,0,0,11,4,10,3,2,9,7,1,6,0,3
E1001627,41,0,2,0,5,13,2.0,1,3,3,66,3,2,1,0,0,17,4,10,2,3,9,3,1,7,0,3
E1001628,35,1,1,2,4,12,2.0,4,4,3,87,3,2,3,1,1,11,2,9,3,3,9,6,1,1,0,3
E1001630,51,1,1,0,3,8,1.0,5,3,3,84,3,4,2,1,1,11,2,10,2,3,5,9,0,10,0,3
E1001633,38,0,1,0,5,13,1.0,2,2,2,31,3,2,1,3,0,15,4,11,3,3,7,7,1,7,0,2
E1001634,34,0,3,2,5,13,1.0,15,2,3,66,3,2,1,1,0,12,4,10,3,4,10,8,1,6,0,3
E1001636,25,1,3,1,4,7,1.0,19,1,4,67,3,1,4,3,0,11,3,7,3,2,3,2,1,2,0,3
E1001638,58,0,3,1,4,10,1.0,7,4,3,53,2,3,1,7,1,14,4,10,3,2,10,9,5,9,1,3
E1001639,40,1,1,1,4,7,1.0,1,4,2,88,3,1,2,3,0,22,3,7,3,3,4,2,0,3,0,3
E1001640,36,0,2,1,5,13,2.0,7,3,1,83,4,2,1,2,0,16,4,17,2,2,15,7,6,13,0,2
E1001641,48,1,1,2,4,10,1.0,4,3,4,54,3,3,4,1,0,11,3,11,2,3,10,9,0,8,0,3
E1001642,27,0,3,1,5,14,1.0,11,3,3,98,4,1,4,8,0,14,2,5,4,3,1,0,0,0,0,3
E1001645,51,0,5,2,4,9,1.0,11,2,4,82,2,4,2,3,0,16,2,10,1,2,5,2,0,3,0,3
E1001646,18,0,1,2,4,9,0.0,1,3,4,97,3,1,4,1,0,15,3,0,3,4,0,0,0,0,0,4
E1001647,35,0,3,1,4,7,1.0,1,3,4,60,2,2,4,0,0,12,2,10,3,3,9,7,0,0,0,3
E1001649,27,1,1,2,5,13,2.0,2,1,4,43,1,2,4,3,0,20,2,8,3,3,6,2,0,0,0,4
E1001650,55,1,2,2,5,13,1.0,13,4,1,85,4,4,3,6,1,17,3,24,2,2,19,7,3,8,1,2
E1001651,56,1,1,1,4,9,1.0,23,3,4,68,3,4,2,4,1,12,1,10,3,3,19,3,1,9,0,3
E1001652,34,0,5,0,4,12,0.0,26,1,1,92,2,1,3,1,0,20,3,5,2,3,5,4,0,0,0,3
E1001653,40,0,3,0,4,9,1.0,2,1,2,89,4,2,3,5,0,20,2,15,3,3,12,11,1,8,0,2
E1001655,34,1,3,1,4,7,1.0,29,3,2,86,3,2,3,4,0,13,1,10,1,3,8,7,7,7,0,2
E1001657,31,0,1,2,5,14,2.0,2,3,3,90,2,1,4,7,0,14,3,3,3,4,1,0,0,0,1,3
E1001660,38,1,1,0,4,12,2.0,7,3,4,57,4,1,3,1,0,11,4,4,2,3,4,2,0,3,0,3
E1001661,34,0,5,2,4,5,1.0,2,4,3,98,3,2,4,1,0,11,4,14,2,4,14,11,4,11,0,3
E1001665,28,1,1,1,5,13,1.0,26,3,3,48,2,2,1,1,0,11,3,5,3,3,5,3,0,4,0,3
E1001668,39,1,1,1,5,13,1.0,21,4,1,44,2,2,4,3,1,12,4,8,2,4,5,4,1,4,0,2
E1001669,51,1,2,1,5,13,2.0,2,3,2,52,3,3,2,2,0,11,2,14,3,3,4,2,3,2,0,2
E1001670,41,0,1,0,4,9,2.0,22,3,4,75,3,2,4,3,1,14,1,12,4,2,6,2,3,3,0,3
E1001673,33,1,1,1,5,13,2.0,5,1,2,61,3,2,4,6,0,13,1,8,2,4,5,4,1,2,0,2
E1001674,32,1,2,1,5,13,1.0,2,1,3,36,3,2,2,0,1,13,1,4,3,2,3,2,1,2,0,3
E1001675,39,1,1,1,4,9,0.0,25,2,3,71,3,3,3,3,0,21,2,13,2,3,6,4,0,5,0,4
E1001677,25,1,1,1,5,13,1.0,18,1,1,93,4,2,3,2,0,11,2,6,3,2,3,2,1,2,0,2
E1001679,52,0,3,1,4,10,2.0,28,2,4,59,4,4,3,2,1,11,2,24,3,2,5,3,0,2,0,3
E1001680,43,0,3,2,4,12,1.0,6,3,1,73,2,2,3,1,1,14,1,20,3,1,20,7,1,8,0,2
E1001681,27,0,2,1,5,13,1.0,10,3,4,98,2,2,4,1,1,11,4,6,3,3,6,2,4,4,0,3
E1001683,27,0,1,2,4,12,1.0,17,4,4,51,3,1,3,1,1,13,4,8,2,3,8,2,7,7,1,3
E1001685,26,1,3,2,4,12,1.0,2,1,1,36,2,1,4,0,0,12,4,5,2,3,4,3,1,1,0,3
E1001686,42,0,0,1,3,8,1.0,10,3,3,31,3,4,1,0,0,14,3,21,3,3,20,7,0,9,0,3
E1001689,37,0,3,2,4,9,1.0,11,3,1,94,3,1,3,4,0,18,1,8,3,3,3,2,0,2,0,3
E1001690,35,1,1,2,4,10,2.0,18,2,3,60,3,3,4,2,0,11,3,10,2,3,2,2,2,2,0,3
E1001693,25,1,5,1,4,7,1.0,1,3,1,81,3,1,4,4,0,11,2,7,2,2,3,2,0,2,0,3
E1001697,29,1,4,2,3,6,1.0,17,3,2,51,2,3,1,1,0,13,1,10,3,2,10,9,0,9,0,3
E1001698,49,1,1,2,4,9,2.0,28,2,1,97,2,2,1,3,0,20,1,20,2,3,4,3,1,3,1,3
E1001700,54,0,3,2,4,11,1.0,1,3,4,54,3,4,4,6,0,19,4,10,3,2,20,7,1,7,0,3
E1001701,58,0,3,1,4,9,1.0,1,3,4,76,3,5,1,3,1,21,3,10,3,3,9,8,1,5,0,4
E1001703,36,0,2,2,5,13,1.0,3,4,1,99,3,2,2,3,1,16,4,15,3,3,5,4,0,1,0,3
E1001705,31,0,1,2,5,14,2.0,1,4,2,50,1,1,3,1,0,12,2,1,3,3,1,0,0,0,1,3
E1001706,30,0,2,0,5,13,1.0,7,4,4,73,3,2,1,7,0,14,2,8,3,3,3,2,0,2,0,3
E1001708,31,0,1,2,4,11,1.0,8,5,1,93,3,4,2,3,0,11,3,9,3,4,3,2,1,0,0,3
E1001709,34,1,4,0,4,12,2.0,1,4,4,91,3,1,1,5,0,14,3,10,2,3,4,3,1,3,0,3
E1001711,31,0,1,2,4,12,1.0,8,3,1,34,2,1,2,1,0,12,3,1,3,4,1,0,0,0,1,3
E1001712,27,1,1,1,4,9,1.0,11,1,2,91,3,1,1,0,0,14,2,6,3,4,5,0,1,4,0,3
E1001713,36,1,1,2,4,7,1.0,4,4,1,37,2,2,4,1,0,16,3,10,2,2,10,4,1,8,0,2
E1001716,47,1,5,1,4,12,1.0,1,3,1,74,3,1,4,7,0,12,3,17,2,2,6,5,1,2,0,2
E1001717,25,1,1,1,5,14,1.0,9,2,1,68,2,1,1,3,0,12,1,6,2,3,3,2,2,2,1,2
E1001718,37,1,5,2,4,9,0.0,5,2,3,84,4,1,3,0,0,14,1,7,2,1,6,5,1,3,0,3
E1001719,56,0,1,1,4,9,1.0,1,2,1,90,3,1,1,2,0,22,4,5,3,4,3,2,1,0,0,4
E1001723,24,0,3,1,5,13,1.0,4,1,4,42,3,2,3,1,1,12,3,5,3,3,5,4,0,3,0,3
E1001725,34,0,1,1,4,7,1.0,1,3,4,86,2,1,2,5,0,17,1,7,2,2,5,4,0,2,0,3
E1001726,41,1,3,1,4,9,1.0,5,5,2,90,4,1,3,2,1,12,1,7,3,2,4,2,0,3,0,3
E1001727,40,1,4,0,4,7,0.0,9,4,3,81,3,2,3,3,0,11,3,11,2,4,8,7,0,7,0,3
E1001731,31,1,1,0,5,13,1.0,8,2,1,31,3,3,4,1,0,18,1,13,3,3,13,7,1,9,0,2
E1001736,39,0,1,2,4,7,0.0,2,3,1,54,2,1,1,2,1,23,2,11,2,4,1,0,0,0,1,4
E1001737,31,0,1,2,4,9,2.0,1,5,3,100,4,3,2,1,0,11,1,10,2,3,10,8,4,7,1,3
E1001738,45,1,3,0,4,9,1.0,20,3,2,95,1,3,1,2,1,18,2,24,2,3,7,7,0,7,0,3
E1001739,31,0,3,2,3,6,1.0,8,2,4,96,4,1,2,9,0,18,4,8,3,3,3,2,0,2,0,3
E1001743,45,1,5,1,4,9,1.0,29,3,2,55,3,3,4,4,1,18,4,10,4,4,3,1,1,2,0,3
E1001745,34,0,5,1,3,6,1.0,9,4,1,52,3,1,3,1,0,15,4,2,3,3,2,2,2,2,1,2
E1001746,40,1,3,0,4,11,0.0,8,1,4,55,2,3,2,2,0,11,3,16,3,3,9,8,4,8,0,3
E1001749,44,1,1,2,4,7,0.0,5,3,3,90,2,1,3,3,0,14,4,7,3,3,5,2,0,3,0,3
E1001751,49,1,5,1,4,9,1.0,5,4,1,96,3,2,3,2,0,14,2,20,3,2,3,2,1,2,0,2
E1001752,40,1,3,0,4,12,1.0,2,3,3,68,3,1,3,2,0,14,3,8,3,4,3,1,1,2,0,4
E1001753,44,1,1,2,4,9,1.0,20,3,4,49,3,1,2,1,0,13,3,6,3,2,5,2,1,3,0,3
E1001755,33,1,3,1,5,13,2.0,7,3,4,54,3,2,1,0,0,14,1,5,2,3,4,3,0,3,0,3
E1001756,34,1,4,2,5,13,1.0,3,3,4,81,1,2,1,3,0,18,4,15,2,3,13,9,3,12,0,3
E1001757,30,1,1,1,5,13,1.0,16,1,4,96,3,2,3,8,0,15,3,4,2,2,2,1,2,2,0,3
E1001758,42,0,3,2,4,7,2.0,9,2,1,74,3,1,4,1,0,13,3,12,3,3,12,9,5,8,0,2
E1001759,44,0,2,1,5,13,2.0,1,5,1,79,3,2,3,7,0,12,3,11,4,2,1,0,0,0,0,3
E1001760,30,1,5,0,4,12,0.0,7,3,3,64,3,1,3,1,0,13,2,1,2,2,1,0,0,0,0,3
E1001761,57,1,1,1,4,12,1.0,1,2,2,93,4,2,3,0,0,24,1,13,2,2,12,9,2,8,0,2
E1001762,49,1,1,0,4,9,1.0,7,4,3,35,3,3,2,3,0,14,2,10,3,3,8,7,0,7,0,3
E1001763,34,1,3,0,4,11,2.0,15,3,2,71,3,4,1,7,0,14,4,16,3,2,14,8,6,9,0,2
E1001764,28,1,5,1,5,14,2.0,1,3,1,92,3,1,3,3,0,15,4,5,3,4,3,2,1,2,1,2
E1001767,34,0,3,2,5,13,1.0,24,4,1,40,2,2,2,0,1,23,3,16,2,4,15,9,1,10,1,2
E1001770,35,1,1,1,5,14,1.0,7,1,4,76,3,1,3,1,0,13,1,1,3,3,1,0,0,0,0,3
E1001773,24,0,1,1,5,14,0.0,13,2,4,78,3,1,2,1,0,13,3,1,2,3,1,0,0,0,0,3
E1001774,44,1,3,2,4,9,2.0,2,1,2,86,3,3,3,5,1,18,2,16,2,2,2,2,2,2,0,2
E1001775,29,1,1,0,5,13,1.0,19,3,3,77,2,2,3,1,0,14,3,10,3,3,10,7,0,4,0,3
E1001779,55,1,1,1,4,9,1.0,4,4,4,30,3,2,3,0,1,16,2,4,2,3,3,2,1,2,0,3
E1001780,33,0,3,1,4,9,1.0,4,4,1,82,2,1,2,8,0,11,4,8,3,3,5,4,0,2,0,3
E1001781,47,0,3,1,5,13,1.0,14,3,3,78,3,2,3,3,1,17,3,11,4,2,5,4,1,2,0,3
E1001782,28,1,3,2,4,7,2.0,2,2,3,38,2,1,1,7,0,11,3,8,2,2,0,0,0,0,1,3
E1001784,28,1,1,0,4,9,1.0,1,3,1,72,2,1,3,1,0,14,4,1,2,1,1,0,0,0,0,3
E1001785,28,1,1,2,5,13,2.0,7,3,3,55,3,2,1,0,0,14,4,5,3,3,4,2,1,3,0,3
E1001787,49,0,3,1,4,7,1.0,3,2,3,43,2,2,1,4,0,25,1,10,3,3,3,2,1,2,0,4
E1001791,29,0,1,1,4,7,2.0,2,1,4,97,3,1,2,0,0,13,3,4,3,3,3,2,0,2,0,3
E1001792,28,1,1,1,4,9,1.0,29,1,3,96,1,2,2,1,0,14,2,8,2,2,8,6,1,7,0,3
E1001793,33,1,1,2,4,5,1.0,8,5,4,69,3,2,3,2,1,17,1,14,3,3,0,0,0,0,0,3
E1001794,32,1,3,2,4,8,1.0,10,3,3,64,3,3,4,2,0,25,2,10,3,4,5,2,0,0,0,3
E1001798,54,0,3,0,4,9,2.0,11,4,2,87,3,4,4,3,0,20,1,26,2,3,14,9,1,12,0,2
E1001800,29,1,5,2,4,12,1.0,1,4,1,100,2,1,1,6,0,13,3,11,2,1,9,7,0,7,1,3
E1001805,46,0,1,1,5,8,1.0,3,3,3,51,3,4,2,8,0,12,4,23,2,4,13,12,5,1,0,3
E1001807,35,0,1,2,4,9,1.0,16,3,4,91,2,3,2,1,0,19,4,11,3,1,11,8,3,3,0,3
E1001811,23,1,1,2,4,7,1.0,20,1,1,97,3,2,3,0,0,14,2,5,2,3,4,3,1,2,0,2
E1001812,40,1,1,2,4,7,1.0,9,4,4,86,3,1,1,3,0,14,2,15,3,1,5,4,1,0,1,3
E1001813,34,1,5,1,5,13,1.0,1,3,4,64,2,3,3,1,1,14,4,10,3,3,10,9,1,6,0,3
E1001817,50,1,3,2,4,11,2.0,22,5,3,88,1,4,4,1,1,13,4,10,2,3,5,6,1,9,0,3
E1001820,42,1,3,1,4,9,1.0,2,3,3,68,2,1,2,4,0,14,2,4,3,3,1,0,0,0,0,3
E1001821,37,1,3,1,4,12,1.0,13,3,1,47,3,2,4,1,0,17,1,10,2,3,10,8,3,7,0,2
E1001822,29,0,4,1,4,5,1.0,8,1,3,39,1,2,1,3,0,13,3,9,3,3,7,7,0,7,0,3
E1001823,33,1,1,2,4,10,1.0,25,3,4,44,2,2,2,1,0,13,4,5,2,3,5,3,0,2,0,3
E1001824,45,1,5,1,4,12,1.0,28,3,4,97,3,1,4,4,0,20,4,8,3,3,5,4,0,3,0,4
E1001825,42,1,1,1,4,5,2.0,2,3,4,40,3,3,4,2,1,14,3,24,3,1,20,8,1,9,0,3
E1001826,40,1,3,1,5,13,1.0,9,2,1,47,3,2,1,0,0,12,4,9,3,4,8,4,7,1,0,2
E1001827,33,1,1,1,4,7,1.0,28,4,2,79,3,2,3,1,1,12,2,15,3,3,15,14,5,7,0,2
E1001828,40,1,3,2,3,8,1.0,6,2,3,38,3,4,4,1,1,21,4,21,2,3,5,7,7,7,0,4
E1001829,24,1,5,0,4,7,1.0,21,2,3,57,2,1,1,0,0,14,2,2,3,3,1,1,0,0,0,3
E1001830,40,1,1,0,4,9,0.0,8,2,4,72,3,2,4,3,1,18,3,8,2,3,2,2,2,2,0,3
E1001831,45,1,5,0,4,5,1.0,1,4,1,66,3,3,2,1,0,12,1,10,4,3,10,8,7,7,0,2
E1001832,35,0,1,1,5,14,1.0,28,4,2,98,2,1,3,0,0,23,1,6,3,3,5,3,4,2,0,2
E1001834,36,1,1,2,5,14,1.0,2,4,3,70,3,1,4,3,1,21,4,7,3,2,3,2,1,2,0,4
E1001835,48,0,1,0,5,13,1.0,16,4,3,96,3,2,3,8,0,14,3,18,2,3,8,7,7,7,0,3
E1001838,33,1,1,1,5,13,1.0,8,4,1,46,3,2,1,2,0,13,4,8,3,1,2,2,2,2,0,2
E1001840,30,1,1,1,5,13,1.0,1,3,2,64,2,2,1,1,0,11,4,10,4,3,10,8,6,7,1,2
E1001841,38,1,0,1,3,6,2.0,10,4,3,71,3,2,3,3,0,11,3,10,2,3,6,3,1,2,0,3
E1001846,30,1,5,1,5,13,1.0,29,4,3,33,3,3,2,3,0,12,2,9,3,3,4,2,1,3,0,3
E1001847,35,0,1,0,4,7,1.0,2,3,1,69,3,1,1,1,1,12,4,1,2,3,1,0,0,0,1,3
E1001850,53,0,5,1,4,10,1.0,2,5,3,78,2,3,4,0,0,16,2,10,4,3,5,7,1,9,1,3
E1001851,38,1,3,1,4,10,1.0,2,3,3,81,3,2,2,4,0,11,1,7,2,3,5,2,1,4,1,3
E1001854,48,0,4,1,4,9,1.0,15,4,3,65,3,1,1,8,0,12,4,10,3,2,8,2,7,6,0,3
E1001855,34,1,3,2,4,12,1.0,7,4,1,35,3,1,4,1,0,13,3,1,4,1,1,0,0,0,0,3
E1001856,55,1,2,1,5,8,1.0,26,5,3,60,2,5,4,1,0,21,3,10,3,3,5,6,2,13,0,4
E1001858,34,1,1,1,4,9,1.0,1,4,2,45,3,2,4,9,0,17,2,9,3,2,2,2,2,1,0,2
E1001860,38,1,1,1,5,13,1.0,14,3,3,80,3,2,2,0,0,11,4,10,3,3,9,8,7,7,0,3
E1001863,36,0,1,2,5,13,1.0,1,4,2,73,3,2,3,6,0,13,1,15,3,3,1,0,0,0,0,3
E1001864,29,1,3,2,4,9,1.0,3,1,2,87,3,1,1,1,1,18,4,10,3,3,10,9,1,5,0,2
E1001865,35,0,3,2,4,5,1.0,10,4,1,51,3,2,3,3,1,16,3,10,4,3,5,2,0,4,0,3
E1001866,39,1,3,1,5,13,1.0,6,3,4,38,4,3,3,2,0,11,1,11,3,3,7,6,7,6,0,3
E1001868,29,1,1,0,2,4,2.0,2,1,1,87,3,2,4,1,0,19,4,6,3,4,6,4,1,3,0,2
E1001869,50,1,2,1,5,8,1.0,9,3,3,59,3,5,3,4,1,16,3,27,2,3,1,0,0,0,0,3
E1001870,23,1,5,1,2,4,1.0,10,3,4,45,4,1,3,2,0,16,4,4,2,3,2,2,2,2,0,3
E1001874,35,1,1,1,2,4,1.0,28,3,2,46,4,2,3,1,0,17,4,10,3,2,10,9,6,8,0,2
E1001875,34,1,5,1,2,4,2.0,10,4,4,92,2,2,3,1,0,14,2,8,3,2,8,2,7,7,0,3
E1001877,43,1,5,0,2,4,1.0,27,3,4,87,4,1,2,5,0,12,3,8,3,3,6,4,0,2,0,3
E1001882,28,1,3,1,2,4,1.0,24,3,3,51,3,1,2,1,1,17,3,1,3,3,1,1,0,0,1,3
E1001883,22,0,4,1,2,4,0.0,26,2,2,85,2,1,3,1,1,14,2,4,2,2,4,2,1,3,0,2
E1001884,50,1,3,1,2,4,2.0,20,5,2,41,3,4,3,2,1,15,3,10,3,3,5,8,1,13,0,2
E1001885,32,0,4,1,2,4,1.0,5,4,2,35,4,1,4,3,0,17,4,6,3,3,3,2,0,2,0,3
E1001886,44,0,3,0,2,4,1.0,7,3,2,31,3,5,4,0,1,14,4,23,4,2,5,7,1,10,0,2
E1001887,30,1,3,1,2,4,1.0,7,3,2,48,2,1,2,1,0,12,2,6,3,2,6,4,1,1,0,2
E1001889,45,0,3,2,2,4,1.0,5,5,3,50,1,2,1,1,1,14,1,10,3,3,10,7,1,4,0,3
E1001890,45,1,2,1,5,13,0.0,26,3,1,52,2,2,1,1,0,15,1,10,2,3,10,7,4,5,0,2
E1001891,31,1,4,2,5,13,2.0,2,4,4,54,3,2,1,7,0,13,4,10,3,3,5,2,0,3,0,3
E1001892,36,0,1,1,2,4,1.0,12,4,3,76,3,2,3,9,1,12,2,7,2,3,3,2,1,1,0,3
E1001893,34,1,1,0,2,4,2.0,10,4,3,42,4,2,4,1,0,13,1,9,3,3,9,7,7,2,0,3
E1001895,49,0,1,1,2,4,1.0,25,4,3,84,3,1,1,1,0,14,4,10,3,2,9,6,1,4,0,3
E1001897,27,1,4,0,2,4,1.0,19,3,4,67,2,1,1,1,0,11,1,7,3,3,7,7,0,7,0,3
E1001899,35,1,1,1,2,4,1.0,18,5,2,48,4,2,1,1,0,11,4,16,2,3,16,3,1,10,0,2
E1001900,28,0,3,0,2,4,1.0,27,3,2,39,1,2,1,0,0,21,2,6,3,2,5,3,0,0,0,3
E1001901,21,1,3,2,2,4,1.0,5,1,3,97,3,1,4,1,0,18,3,3,2,3,2,2,2,2,0,3
E1001902,18,0,3,2,5,14,2.0,3,2,2,70,3,1,4,1,1,12,3,0,2,4,0,0,0,0,1,3
E1001903,47,0,1,1,3,8,1.0,26,4,4,98,3,5,3,3,0,11,3,27,2,3,5,2,1,0,0,3
E1001905,39,1,3,0,2,4,1.0,3,2,3,76,2,2,3,0,0,15,4,11,3,3,10,8,0,7,0,3
E1001908,35,0,1,1,2,4,0.0,8,4,3,52,3,2,3,1,0,12,4,15,3,3,14,11,2,9,0,3
E1001909,37,1,1,1,2,4,1.0,19,3,3,85,3,2,3,3,0,17,1,9,2,2,4,3,0,2,0,3
E1001911,39,0,3,2,2,4,2.0,4,3,1,81,3,2,3,0,0,13,4,10,2,1,9,2,3,8,0,2
E1001916,38,0,3,1,2,4,1.0,2,2,4,54,2,3,3,3,1,19,4,10,3,4,5,4,0,2,0,3
E1001918,37,0,3,1,2,4,1.0,10,3,2,71,3,1,2,1,0,11,1,8,2,1,8,4,7,7,0,2
E1001919,40,0,1,2,2,4,1.0,16,3,3,84,3,3,4,6,1,15,4,18,2,2,4,2,3,3,0,3
E1001920,44,1,0,1,3,6,2.0,1,5,1,37,3,2,4,4,1,11,3,14,3,3,10,7,0,2,0,3
E1001923,35,1,3,0,5,13,1.0,15,2,1,59,1,2,4,6,1,14,4,7,2,2,2,2,2,2,1,2
E1001924,24,0,5,2,2,4,2.0,2,1,1,32,3,1,4,1,1,13,3,6,2,3,6,3,1,3,0,2
E1001925,27,0,3,1,2,4,1.0,8,3,2,86,4,1,3,7,0,17,1,5,3,3,3,2,0,2,0,3
E1001926,27,1,3,2,2,4,2.0,2,3,4,87,3,1,4,2,0,13,3,6,3,2,4,2,1,2,0,3
E1001931,25,1,1,0,2,4,2.0,2,1,4,77,4,2,3,1,0,17,3,7,3,3,7,7,0,7,0,3
E1001932,39,1,3,1,2,4,1.0,12,3,4,66,3,2,2,4,0,21,3,7,3,3,5,4,1,0,0,4
E1001933,49,0,4,1,2,4,1.0,22,4,1,72,3,4,2,3,0,16,2,27,2,3,4,2,1,2,0,2
E1001934,50,0,1,0,2,4,1.0,17,5,4,50,2,3,1,5,0,15,3,19,3,3,14,11,1,11,0,3
E1001935,20,0,3,2,5,14,1.0,2,3,3,31,3,1,3,1,0,19,1,2,3,3,2,2,2,2,0,3
E1001936,34,0,1,0,2,4,1.0,3,3,4,66,3,2,2,1,0,12,3,11,2,3,11,8,7,9,0,3
E1001937,36,1,1,2,2,4,1.0,7,3,1,77,3,1,2,2,0,11,3,15,4,3,4,3,1,3,0,2
E1001939,49,0,1,1,2,4,1.0,6,1,3,41,2,4,3,2,1,19,2,10,3,3,15,11,2,12,0,3
E1001940,36,0,3,1,2,4,0.0,1,4,4,33,2,2,3,0,0,15,3,4,3,3,3,2,1,2,0,3
E1001942,36,1,1,0,2,4,1.0,3,2,4,79,4,2,1,6,0,20,1,13,3,3,5,4,0,4,0,4
E1001943,54,0,3,1,2,4,1.0,22,5,2,91,3,4,3,3,0,25,3,10,3,3,10,8,4,7,0,2
E1001944,43,1,1,1,2,4,1.0,15,2,3,65,2,4,3,1,0,24,1,14,3,3,14,10,6,11,0,4
E1001945,35,1,4,2,5,13,2.0,12,4,4,36,3,2,4,3,1,24,1,13,2,4,11,9,6,7,1,4
E1001947,29,1,3,0,5,13,1.0,5,3,1,43,2,2,2,1,1,13,2,10,3,2,10,0,0,9,0,3
E1001948,33,1,3,0,5,13,1.0,2,4,4,93,3,2,4,1,0,14,3,6,3,3,6,2,0,4,0,3
E1001949,32,1,3,0,2,4,1.0,2,3,4,45,3,2,2,0,0,13,3,10,4,2,9,5,1,6,0,3
E1001951,31,0,1,1,5,13,1.0,5,4,1,67,3,2,4,1,0,11,1,10,2,3,10,0,0,2,0,3
E1001952,49,0,3,0,2,4,1.0,16,3,4,74,3,1,1,4,1,16,2,17,2,2,2,2,2,2,0,3
E1001958,20,1,1,2,5,14,1.0,9,1,4,54,3,1,1,1,0,11,1,2,3,3,2,2,0,2,0,3
E1001959,33,0,1,0,5,13,0.0,16,3,3,36,3,2,4,1,1,25,3,7,2,3,6,5,1,2,0,4
E1001960,36,1,1,1,2,4,1.0,26,4,1,80,3,2,3,6,0,14,2,10,2,2,3,2,0,2,0,3
E1001961,44,0,1,0,3,6,1.0,1,3,3,44,3,1,4,4,1,18,1,8,2,3,2,2,2,2,0,3
E1001962,23,1,3,2,2,4,1.0,8,1,4,93,2,1,3,1,1,11,1,5,2,3,5,4,1,2,1,3
E1001965,38,0,3,1,2,4,1.0,4,2,4,87,3,1,3,7,0,19,4,7,3,2,0,0,0,0,0,3
E1001967,53,1,3,1,2,4,1.0,24,4,2,48,4,3,4,3,0,15,3,11,2,3,4,3,1,2,0,2
E1001969,48,0,3,1,5,14,2.0,7,2,4,95,3,1,3,2,1,11,3,19,3,3,9,7,7,7,1,3
E1001970,32,1,1,2,2,4,1.0,2,4,4,95,3,1,2,1,0,12,1,1,2,3,1,0,0,0,1,3
E1001971,26,1,3,2,2,4,0.0,7,3,4,76,3,1,4,1,0,20,3,7,3,3,7,7,5,7,0,4
E1001972,55,1,5,0,2,4,1.0,22,3,1,94,2,1,2,5,0,12,4,8,1,3,4,2,1,2,0,2
E1001974,34,1,3,1,4,9,1.0,5,2,2,57,2,2,4,1,0,14,3,15,3,4,15,10,4,13,0,2
E1001975,60,1,3,0,4,5,1.0,1,4,3,92,1,3,4,3,0,20,3,19,2,4,1,0,0,0,0,4
E1001978,37,1,3,0,5,13,2.0,1,4,3,31,1,2,4,1,0,14,3,6,2,2,6,3,1,3,0,3
E1001979,34,0,1,1,4,12,1.0,19,3,2,35,2,1,4,1,0,12,2,10,3,3,10,9,1,7,0,2
E1001981,44,0,1,1,4,5,1.0,2,3,3,96,4,3,4,1,1,19,2,9,2,3,8,7,6,7,0,3
E1001984,43,1,3,1,5,13,1.0,2,3,4,73,3,2,4,1,1,17,1,10,3,3,10,9,1,8,0,3
E1001987,29,0,3,1,4,9,1.0,9,4,4,43,3,1,3,9,0,17,3,9,2,3,5,3,1,2,0,3
E1001988,36,0,1,2,5,14,1.0,2,4,3,51,3,2,4,3,0,15,3,17,2,2,13,7,6,7,0,3
E1001990,45,1,1,1,4,9,0.0,1,1,3,74,2,3,3,3,0,23,4,25,3,2,5,3,1,4,0,4
E1001996,26,1,3,1,4,7,1.0,17,4,4,62,1,1,3,1,0,15,3,3,3,4,3,2,0,2,0,3
E1001997,45,0,5,2,4,9,1.0,28,2,4,48,2,4,2,1,0,11,3,21,2,3,5,6,1,6,0,3
E1001999,31,1,1,1,4,7,1.0,2,4,2,69,3,1,3,1,0,14,4,6,2,4,5,2,0,3,0,3
E1002000,41,1,0,1,3,6,0.0,4,3,3,60,1,2,2,6,0,19,2,10,4,3,3,2,1,2,0,3
E1002002,40,0,1,1,4,10,1.0,8,2,2,92,3,2,1,2,1,16,2,18,3,3,1,0,0,0,0,3
E1002003,24,1,3,0,4,7,1.0,29,1,2,91,3,1,1,1,0,13,2,6,2,4,6,2,1,2,0,2
E1002005,46,1,1,2,4,5,1.0,13,4,3,34,3,2,2,6,0,14,4,19,3,3,10,7,0,9,0,3
E1002007,30,1,1,1,4,12,1.0,16,1,2,33,3,1,4,1,0,12,2,10,2,2,10,0,0,8,0,3
E1002009,47,1,2,1,5,13,0.0,2,4,3,87,3,2,2,7,0,11,4,4,3,1,1,0,0,0,0,3
E1002010,46,1,1,0,5,13,1.0,2,3,3,74,3,3,4,4,1,12,2,13,3,2,10,6,0,3,0,3
E1002011,36,1,2,0,5,13,1.0,13,5,2,96,2,2,1,5,1,13,2,16,3,3,2,2,2,2,1,2
E1002012,32,1,1,2,5,13,1.0,1,2,1,34,1,2,2,6,0,15,2,10,2,3,0,0,0,0,1,3
E1002014,31,0,5,2,4,10,2.0,24,1,4,30,3,2,4,2,0,20,4,9,3,2,5,4,1,4,0,4
E1002015,39,1,1,1,4,7,0.0,1,3,4,77,3,2,4,1,1,15,4,9,2,3,9,8,5,8,0,3
E1002017,32,1,1,1,5,13,1.0,19,3,4,80,1,3,3,3,0,13,3,10,2,1,4,3,0,2,0,3
E1002018,40,1,3,2,5,8,1.0,7,4,2,88,3,5,2,1,0,14,2,21,3,2,5,8,1,8,0,2
E1002022,45,0,1,1,3,6,1.0,4,3,3,56,1,3,3,4,0,21,3,9,2,4,5,0,0,3,0,4
E1002023,30,0,5,2,4,9,2.0,2,4,4,78,2,1,1,0,0,16,4,10,2,3,9,7,0,7,0,3
E1002024,24,1,3,1,3,6,2.0,10,3,1,59,3,1,4,0,0,14,4,3,2,3,2,2,2,1,0,2
E1002025,30,0,0,0,3,6,2.0,8,3,3,66,2,1,4,6,0,11,3,6,3,2,4,2,1,2,1,3
E1002027,31,1,5,1,5,13,1.0,5,3,1,51,3,2,3,1,0,19,3,6,3,3,5,2,0,2,0,4
E1002029,27,0,3,2,4,9,1.0,8,3,3,67,3,1,4,1,0,11,3,6,3,2,6,2,1,4,0,3
E1002030,29,0,2,2,5,14,1.0,9,3,2,52,1,1,2,1,0,13,3,2,3,3,2,2,2,2,1,2
E1002031,29,1,1,2,4,5,2.0,1,3,4,70,4,2,3,8,1,12,4,10,3,4,3,2,0,2,0,3
E1002032,30,1,2,0,5,13,1.0,15,2,3,94,2,3,1,2,0,11,1,12,2,3,7,7,1,7,0,3
E1002033,34,1,3,1,4,12,1.0,2,4,4,97,4,1,4,0,1,14,1,6,3,3,5,0,1,2,0,3
E1002034,33,0,2,2,5,13,0.0,2,3,4,62,3,2,2,8,0,15,4,13,2,2,11,7,1,7,0,3
E1002035,49,0,2,2,5,13,1.0,11,4,4,80,3,2,4,3,0,12,3,8,1,4,5,1,0,4,0,3
E1002036,33,0,1,2,5,13,1.0,16,3,1,74,3,3,1,2,1,20,3,11,2,2,0,0,0,0,1,4
E1002038,38,0,3,1,4,7,2.0,2,2,3,75,2,1,2,4,0,14,2,9,4,2,6,1,0,5,0,3
E1002042,32,1,5,2,4,12,0.0,5,4,2,65,3,1,2,2,0,14,2,12,3,3,7,7,0,7,0,3
E1002044,38,1,3,1,4,5,1.0,18,3,2,60,1,2,4,3,1,16,3,15,2,3,1,0,1,0,0,3
E1002045,43,1,5,1,4,12,2.0,17,3,3,38,2,1,3,9,1,16,4,6,4,3,1,0,0,0,1,3
E1002048,55,1,3,1,4,11,1.0,2,3,3,60,2,5,1,8,0,12,2,10,2,3,1,0,0,0,0,3
E1002049,33,1,5,0,4,12,0.0,4,3,4,90,3,2,2,5,0,15,4,11,2,2,9,8,1,7,0,3
E1002050,41,1,1,0,4,7,1.0,9,4,3,94,3,1,1,1,0,20,2,5,2,3,5,3,0,4,0,4
E1002052,34,1,1,0,5,13,0.0,10,3,4,87,3,2,3,1,1,14,3,15,3,3,15,14,0,7,0,3
E1002053,53,0,3,1,4,10,0.0,1,4,1,60,2,4,3,4,1,20,4,27,2,2,3,2,0,2,0,3
E1002056,43,1,1,2,3,6,1.0,2,3,2,97,3,1,4,0,0,13,2,10,3,3,9,7,1,8,0,2
E1002057,34,0,1,2,5,13,1.0,3,2,4,32,1,2,4,5,0,12,1,6,3,3,2,2,2,2,0,3
E1002058,21,1,2,2,5,14,1.0,7,1,2,31,3,1,2,1,0,13,2,1,3,3,1,0,1,0,1,3
E1002060,38,0,4,1,4,9,1.0,6,2,4,40,2,1,3,1,0,11,2,5,3,3,5,4,0,4,0,3
E1002061,22,0,3,1,4,9,1.0,8,1,3,79,3,1,1,1,1,17,3,1,3,3,1,0,0,0,1,3
E1002062,31,0,2,1,5,13,1.0,29,4,1,91,2,2,4,1,0,14,1,13,3,3,12,7,5,7,0,2
E1002067,46,1,3,0,4,11,1.0,2,4,3,46,3,5,4,7,1,17,3,24,3,3,2,1,2,2,0,3
E1002068,36,1,1,1,4,9,1.0,10,3,4,90,3,3,1,7,1,13,4,15,1,3,12,8,5,7,0,3
E1002070,44,1,3,0,4,12,2.0,1,2,3,99,3,1,2,1,1,12,3,6,2,2,5,3,2,3,1,3
E1002072,37,1,4,0,3,6,1.0,8,2,3,89,3,2,2,2,0,13,3,19,4,2,10,0,4,7,0,3
E1002076,33,1,1,1,4,12,1.0,8,4,4,90,4,1,1,6,0,19,2,14,1,3,10,8,7,6,0,3
E1002079,46,1,1,2,5,13,0.0,26,2,2,98,2,2,2,8,0,15,3,6,3,3,2,2,2,2,0,2
E1002080,40,0,1,1,4,7,1.0,2,2,3,99,3,1,1,4,0,17,4,7,3,2,4,3,0,2,0,3
E1002082,35,1,3,0,4,9,0.0,2,2,2,90,3,2,4,2,0,14,3,15,3,3,7,7,1,7,0,2
E1002083,38,1,0,0,3,6,0.0,2,3,1,100,3,1,2,5,0,13,4,13,3,3,11,10,3,8,0,2
E1002085,34,1,1,1,4,7,2.0,9,4,4,93,3,2,1,4,0,17,3,11,3,2,7,1,0,7,1,3
E1002090,39,1,1,0,5,13,2.0,20,3,3,83,3,2,4,2,0,18,4,7,3,3,2,1,2,2,0,3
E1002091,43,1,1,2,4,12,0.0,9,3,1,52,3,1,3,4,0,13,3,7,2,2,3,2,1,2,0,2
E1002092,41,1,1,2,4,5,1.0,5,3,2,85,4,2,2,3,0,12,1,11,3,1,3,2,1,2,0,2
E1002093,41,0,2,0,5,13,1.0,4,1,3,81,3,3,3,0,1,13,4,23,3,4,5,14,1,5,0,3
E1002101,34,1,5,1,5,13,1.0,8,2,2,92,4,2,3,1,0,21,3,10,3,3,10,8,4,8,0,2
E1002102,58,1,3,0,5,8,0.0,2,3,2,52,3,4,2,4,0,22,4,10,3,2,16,9,1,14,0,2
E1002104,35,1,3,1,4,7,1.0,23,4,2,91,1,1,3,0,0,16,2,6,2,4,5,4,0,3,0,3
E1002105,47,0,1,0,4,9,1.0,4,3,3,92,2,3,2,8,1,12,3,28,4,3,5,11,1,10,0,3
E1002107,40,0,1,0,4,5,1.0,12,3,2,47,3,2,1,2,0,12,2,15,3,3,7,4,7,7,0,2
E1002108,54,0,3,1,4,12,1.0,7,4,4,68,3,2,4,4,0,15,2,14,2,2,7,1,1,7,0,3
E1002111,31,0,2,1,5,13,2.0,7,4,1,68,3,3,1,2,0,14,4,9,3,3,3,2,2,2,0,2
E1002113,38,0,2,1,5,14,1.0,2,4,2,77,1,2,4,2,1,20,1,20,4,2,4,2,0,3,0,3
E1002114,26,1,3,2,5,13,1.0,10,3,3,46,3,2,4,1,0,13,1,5,4,3,5,3,1,2,0,3
E1002115,58,1,1,1,4,9,2.0,15,4,1,87,3,4,3,2,1,14,2,23,3,3,2,2,2,2,0,2
E1002117,18,0,3,2,4,9,0.0,14,3,2,33,3,1,3,1,0,16,3,0,4,1,0,0,0,0,0,3
E1002120,31,1,0,1,3,6,1.0,18,5,4,89,4,1,1,0,0,17,3,2,4,3,1,0,0,0,1,3
E1002123,45,0,1,1,5,13,0.0,2,4,3,67,3,2,3,4,0,22,2,10,3,4,8,7,5,7,0,4
E1002125,36,0,4,1,4,12,1.0,2,4,4,73,3,2,2,4,1,22,4,15,2,3,1,0,0,0,0,4
E1002127,43,1,1,1,5,13,2.0,2,4,1,92,3,2,4,1,0,20,3,7,3,3,7,7,7,7,0,2
E1002128,27,0,1,2,4,9,2.0,5,2,4,53,3,1,4,0,1,14,3,6,3,2,5,4,0,2,0,3
E1002130,29,1,3,1,4,7,2.0,20,1,4,40,3,1,4,1,0,13,2,11,3,4,11,8,3,10,0,3
E1002131,32,1,2,2,5,13,2.0,10,4,4,79,3,2,4,8,0,13,3,4,2,4,0,0,0,0,0,3
E1002132,42,1,5,1,4,12,0.0,10,4,3,38,3,1,3,3,0,22,2,10,1,2,6,3,3,3,0,4
E1002134,47,0,1,2,4,7,1.0,9,4,2,64,3,1,3,4,0,12,3,7,2,3,2,2,2,0,0,2
E1002135,46,1,1,0,4,10,1.0,2,2,4,82,3,3,4,3,0,14,3,12,4,2,9,8,4,7,0,3
E1002136,28,1,1,0,3,6,0.0,1,2,3,43,3,1,4,1,0,15,2,3,2,3,3,2,2,2,0,3
E1002137,29,1,1,0,4,5,1.0,29,1,4,93,1,2,3,8,0,17,4,11,3,3,7,0,1,6,0,3
E1002138,42,1,1,2,4,9,1.0,8,3,4,81,3,1,3,4,0,13,4,8,3,3,0,0,0,0,0,3
E1002140,32,1,2,2,5,13,1.0,2,4,3,82,2,2,2,7,1,12,3,7,3,2,2,2,2,2,1,3
E1002141,46,0,5,0,5,13,1.0,3,3,1,45,4,4,1,2,0,12,4,25,3,3,19,3,2,8,0,2
E1002142,27,0,3,1,5,14,1.0,23,1,2,36,2,2,3,1,0,21,4,9,3,3,9,8,5,8,0,2
E1002143,29,1,3,1,3,6,1.0,6,1,4,87,2,1,2,1,0,11,4,1,3,3,1,0,0,0,0,3
E1002145,48,1,1,1,4,9,1.0,10,3,4,91,2,5,2,4,0,12,4,10,3,3,5,10,1,9,0,3
E1002146,29,1,1,2,4,12,2.0,24,2,4,73,2,1,4,1,1,24,2,1,3,2,1,0,1,0,1,4
E1002151,55,1,5,1,4,12,1.0,2,4,2,98,2,1,4,8,0,20,2,19,2,4,5,2,0,4,0,3
E1002153,28,0,3,1,5,14,1.0,3,3,2,78,3,1,2,1,0,19,4,1,3,3,1,0,0,0,0,3
E1002154,30,1,3,2,5,14,1.0,9,3,2,89,3,1,4,1,0,13,3,1,3,2,1,0,0,0,1,3
E1002156,22,1,1,2,4,12,1.0,7,1,4,75,3,1,2,1,1,23,1,1,2,3,1,0,0,0,1,4
E1002158,36,0,5,1,5,13,1.0,10,4,2,63,2,2,3,1,1,13,1,10,4,3,10,9,1,7,0,2
E1002160,34,1,1,1,5,13,1.0,4,3,3,64,3,3,4,2,1,13,4,9,3,3,5,3,1,0,0,3
E1002161,29,1,1,2,4,7,1.0,7,3,4,59,3,1,1,3,0,14,2,11,2,3,3,2,1,2,0,3
E1002163,37,1,3,1,4,12,1.0,7,4,4,78,3,2,1,5,1,22,3,16,2,3,5,3,0,4,0,4
E1002164,35,0,4,1,4,10,1.0,16,2,4,44,2,2,2,0,1,11,4,4,2,3,3,2,0,2,0,3
E1002166,45,0,1,1,4,10,1.0,25,2,2,93,2,2,4,0,0,13,4,10,2,2,9,8,3,8,0,2
E1002168,36,1,0,2,3,6,2.0,2,1,2,94,2,2,4,1,0,21,4,10,2,2,10,1,0,8,0,4
E1002170,40,1,1,0,4,9,1.0,1,4,1,98,3,4,1,2,0,11,1,22,3,3,19,7,1,3,0,2
E1002171,26,0,1,1,4,12,1.0,1,2,2,90,2,1,3,1,1,13,3,1,3,2,1,0,1,0,0,3
E1002176,27,0,3,2,5,13,1.0,2,2,1,89,4,2,3,0,0,14,2,9,3,2,8,7,0,7,0,3
E1002178,48,0,3,0,4,8,2.0,22,3,4,58,3,4,4,3,0,11,2,24,3,3,5,3,4,7,0,3
E1002181,44,1,1,1,4,5,1.0,1,4,2,78,4,2,1,2,0,15,4,10,3,3,2,0,2,2,0,3
E1002183,34,1,5,1,4,12,0.0,16,4,4,85,1,1,1,1,1,23,2,5,2,3,5,2,3,0,1,4
E1002185,56,1,1,2,4,9,1.0,24,2,1,97,3,1,4,1,0,16,4,5,3,3,4,2,1,0,1,2
E1002186,36,1,2,1,5,13,1.0,17,2,3,33,2,2,2,2,0,16,3,12,1,1,4,2,1,3,0,2
E1002187,41,0,2,1,5,13,1.0,8,3,3,54,3,2,2,5,0,21,3,14,3,3,5,4,1,4,0,4
E1002189,42,1,3,1,4,9,1.0,6,3,3,83,3,3,1,9,0,13,2,18,3,4,13,7,5,7,0,3
E1002190,31,0,3,0,5,13,1.0,10,2,3,86,3,2,4,2,1,11,4,8,2,3,5,2,1,4,0,3
E1002193,34,0,3,1,5,13,1.0,3,1,4,75,2,2,4,3,1,12,3,9,3,2,4,2,0,1,0,3
E1002194,31,0,3,0,4,7,1.0,4,3,1,62,4,1,3,8,0,12,2,4,3,2,2,2,2,2,0,2
E1002196,26,1,4,1,4,9,2.0,6,3,3,61,4,1,4,0,0,18,1,8,3,3,7,7,7,7,0,3
E1002200,45,1,3,2,4,9,2.0,1,4,2,44,3,2,3,4,0,12,3,12,3,3,4,2,0,3,0,3
E1002202,33,1,2,2,5,13,1.0,10,4,2,43,3,2,3,1,0,14,2,10,2,2,10,4,0,9,0,3
E1002205,28,1,1,1,5,13,2.0,1,2,3,42,2,2,4,1,1,12,3,7,2,3,7,7,0,7,0,3
E1002207,39,0,1,1,5,13,0.0,21,4,1,32,1,2,3,6,0,19,3,10,1,3,3,2,1,2,0,2
E1002209,27,1,5,1,4,9,1.0,2,4,2,41,3,1,2,1,0,11,3,6,3,2,5,3,1,2,0,2
E1002210,34,1,4,1,4,12,2.0,22,4,3,86,2,2,4,1,1,15,2,16,3,3,15,10,6,11,0,3
E1002212,47,1,5,1,4,9,0.0,14,4,3,64,3,2,2,8,0,18,3,16,4,4,8,7,1,7,0,3
E1002213,56,0,2,1,5,13,1.0,11,5,4,89,2,2,1,4,0,16,3,6,3,3,0,0,0,0,0,3
E1002215,38,0,3,0,4,9,2.0,8,3,4,58,2,2,2,1,1,16,3,20,3,3,20,11,0,7,0,3
E1002216,58,0,1,1,5,8,1.0,21,3,4,72,3,4,4,4,1,13,3,10,2,2,1,0,0,0,0,3
E1002217,32,0,1,2,4,12,2.0,5,2,1,47,4,1,3,3,1,14,1,8,2,3,4,1,0,3,1,3
E1002218,38,1,1,0,4,9,1.0,9,2,2,71,3,1,4,2,0,19,4,10,3,4,5,2,0,3,0,4
E1002219,49,1,1,1,4,9,2.0,2,1,2,42,3,5,4,3,0,15,4,28,3,3,5,4,4,3,0,2
E1002221,42,1,2,0,5,13,1.0,12,4,2,77,3,2,4,3,1,12,3,14,4,3,0,0,0,0,0,3
E1002222,27,0,0,1,3,6,2.0,22,3,1,58,2,1,2,1,0,12,1,1,2,3,1,0,0,0,1,3
E1002223,35,1,3,1,5,13,1.0,18,4,2,71,3,2,1,0,0,16,4,6,2,1,5,3,0,4,0,2
E1002225,28,1,3,2,4,9,0.0,16,3,3,49,3,1,3,1,0,14,3,5,3,2,5,3,1,4,0,3
E1002226,31,1,3,0,4,12,0.0,3,2,3,48,3,1,1,1,1,13,4,4,3,4,4,2,2,3,0,3
E1002227,36,1,1,1,4,9,0.0,9,4,1,66,4,1,2,1,0,22,2,5,3,3,5,4,0,2,0,3
E1002228,34,1,2,2,5,13,1.0,1,3,1,32,3,3,4,1,0,21,1,14,3,2,14,8,2,1,0,2
E1002229,34,1,3,0,5,13,1.0,13,4,4,39,3,3,3,1,0,18,3,9,2,2,8,7,1,1,0,3
E1002230,26,1,3,2,4,7,1.0,1,3,3,95,3,1,1,0,0,13,4,8,3,2,7,7,7,6,0,3
E1002233,32,0,3,0,4,9,0.0,15,4,3,34,3,2,4,5,0,18,2,9,3,3,5,1,1,2,0,3
E1002238,28,1,5,0,4,9,1.0,17,3,3,32,2,1,4,5,0,12,1,6,2,2,4,1,0,3,1,3
E1002239,38,1,1,2,5,14,1.0,1,3,1,59,2,1,1,4,0,14,1,20,3,2,1,0,0,0,0,3
E1002240,35,0,1,1,5,13,1.0,7,4,3,55,3,2,4,1,1,11,4,10,2,3,10,8,0,9,0,3
E1002243,27,1,2,2,5,13,1.0,9,3,4,44,3,2,4,1,0,14,1,7,3,3,7,7,0,7,0,3
E1002244,32,1,1,2,4,9,1.0,5,4,4,56,2,2,4,8,0,24,2,8,1,3,1,0,0,0,0,4
E1002245,31,1,2,1,5,13,2.0,26,4,1,63,3,2,4,1,1,11,3,10,4,3,10,7,0,8,1,3
E1002246,53,1,1,2,5,13,1.0,24,4,1,66,3,3,1,6,1,13,2,15,2,2,2,2,2,2,1,2
E1002247,54,0,1,1,4,12,1.0,9,2,1,67,3,2,3,3,0,11,3,9,3,2,4,3,2,3,0,2
E1002248,33,1,1,0,4,9,2.0,7,2,4,36,3,2,3,1,0,20,3,9,2,3,9,7,2,8,0,4
E1002249,43,1,1,1,4,5,1.0,11,3,1,30,3,3,3,1,0,17,2,10,1,3,10,9,0,9,0,3
E1002250,38,1,4,1,3,6,2.0,1,4,4,88,3,1,2,0,1,11,2,7,2,3,6,2,1,2,0,3
E1002251,55,1,0,1,3,8,1.0,26,4,3,71,4,5,2,4,1,18,1,10,3,3,10,9,1,4,0,3
E1002252,31,0,3,0,4,9,1.0,2,1,4,59,1,1,4,1,1,11,3,1,4,3,1,0,0,0,0,3
E1002253,39,1,2,2,5,13,1.0,15,4,2,77,3,4,1,0,0,12,1,21,3,3,20,8,1,10,0,2
E1002254,42,1,1,2,4,12,0.0,23,2,4,37,2,2,3,1,0,12,4,20,2,3,20,9,3,7,0,3
E1002257,31,0,3,1,4,11,0.0,10,3,3,40,3,3,3,4,0,20,3,13,2,4,11,7,4,8,0,4
E1002258,54,0,3,2,4,10,1.0,10,3,3,77,3,2,1,6,1,19,4,9,3,3,5,2,1,4,0,3
E1002259,24,1,1,2,4,5,1.0,1,2,2,45,2,2,3,1,0,12,2,4,2,2,4,3,1,2,0,2
E1002260,23,1,4,2,4,7,1.0,12,2,4,78,3,1,4,1,0,13,3,5,3,4,5,2,1,4,0,3
E1002263,40,0,5,1,4,7,2.0,11,3,4,73,3,2,3,1,0,11,1,10,2,4,10,9,1,4,0,3
E1002264,40,0,2,1,5,13,1.0,2,2,2,92,3,2,2,3,0,14,3,15,4,3,11,8,5,10,0,2
E1002265,25,0,0,1,3,6,1.0,2,3,3,82,3,1,2,4,0,14,3,6,3,3,2,0,1,2,0,3
E1002267,30,1,3,1,4,7,1.0,1,2,4,76,3,1,2,1,0,13,3,12,3,2,12,8,1,7,0,3
E1002270,25,1,4,0,4,7,1.0,2,1,4,57,3,1,3,6,1,19,3,7,2,2,2,2,0,2,0,3
E1002271,47,1,3,2,4,9,1.0,25,3,1,84,3,3,3,2,0,23,2,25,3,3,17,14,1,11,0,2
E1002273,38,1,1,1,5,13,1.0,1,4,4,86,3,2,2,0,0,15,1,16,3,3,15,13,5,8,0,3
E1002274,31,1,1,1,5,14,1.0,2,2,1,54,3,1,3,0,0,19,3,3,1,3,2,2,1,2,0,2
E1002276,42,1,1,0,4,12,1.0,18,4,4,35,3,2,1,6,1,17,3,9,3,2,4,3,1,2,0,3
E1002277,41,1,1,1,4,12,1.0,1,3,4,76,3,1,4,3,0,22,1,12,3,3,5,3,1,0,0,4
E1002278,47,0,3,1,4,12,0.0,1,1,3,98,3,3,2,0,0,18,1,14,3,1,13,8,5,12,0,2
E1002281,35,1,3,1,4,11,1.0,11,4,4,43,3,1,3,7,1,11,3,5,3,3,2,2,2,2,0,3
E1002285,22,1,1,2,4,12,1.0,1,2,4,63,3,1,3,0,0,12,4,4,2,4,3,2,1,2,0,3
E1002286,35,1,3,2,4,12,1.0,9,4,2,48,3,2,3,1,0,19,2,10,3,3,10,7,0,8,0,3
E1002287,33,0,3,1,4,5,1.0,15,2,2,95,3,2,4,0,1,13,1,10,3,3,9,7,1,1,0,2
E1002288,32,0,1,2,4,7,1.0,29,4,3,49,2,1,2,1,0,13,3,6,3,3,6,2,4,1,0,3
E1002290,40,1,1,1,4,7,1.0,1,4,1,83,3,1,4,8,0,19,3,8,3,2,1,0,0,0,0,3
E1002291,32,1,3,1,5,14,1.0,1,4,2,68,2,1,2,0,0,14,2,3,2,3,2,2,2,2,0,2
E1002292,39,1,1,2,4,12,1.0,24,1,1,52,3,2,4,7,0,13,1,18,2,3,7,7,1,7,0,2
E1002293,38,0,3,1,4,11,1.0,10,3,2,99,1,3,3,3,0,12,1,20,3,3,18,3,1,11,0,2
E1002295,37,0,1,1,4,11,1.0,10,3,3,42,4,3,4,1,1,25,1,16,2,3,16,11,6,8,0,4
E1002296,25,0,4,0,5,13,1.0,8,2,1,85,3,2,3,0,1,22,2,6,3,2,5,3,0,4,0,3
E1002297,52,1,1,0,5,14,0.0,29,4,1,40,3,1,4,2,0,15,2,16,3,2,9,8,0,0,0,3
E1002298,44,1,3,2,4,12,1.0,1,3,2,42,3,1,4,6,1,12,3,6,2,3,4,3,1,2,0,2
E1002299,21,1,3,2,5,14,1.0,5,1,3,58,3,1,1,1,1,11,4,2,3,3,2,2,1,2,0,3
E1002301,23,1,2,1,5,14,2.0,9,3,4,33,3,1,1,1,0,19,1,1,3,2,1,0,1,0,1,3
E1002302,36,0,3,1,5,13,1.0,3,3,1,94,2,3,4,0,0,19,3,10,2,3,9,7,3,4,0,2
E1002303,36,0,1,0,4,10,2.0,4,2,4,97,3,2,2,7,0,13,2,18,3,3,4,2,0,2,0,3
E1002304,56,1,1,0,4,5,0.0,1,4,3,57,3,2,3,1,0,21,1,13,2,2,13,12,1,9,0,4
E1002305,29,1,3,1,4,12,1.0,1,4,1,36,3,1,4,9,1,14,2,4,3,4,2,2,2,2,1,2
E1002310,56,1,5,1,4,7,1.0,7,2,4,72,3,1,3,8,0,11,4,14,4,1,10,9,1,8,1,2
E1002312,41,0,1,1,4,10,1.0,28,4,1,60,2,4,2,0,0,23,3,21,3,3,20,7,0,10,0,3
E1002313,34,0,2,1,5,13,1.0,28,3,4,95,2,2,3,1,0,21,4,8,2,3,8,7,1,7,0,4
E1002314,36,1,2,0,5,13,0.0,15,4,4,88,1,2,4,1,0,24,1,15,4,2,15,12,1,11,0,4
E1002315,41,1,1,0,5,13,1.0,3,3,3,57,2,2,2,2,0,11,3,14,3,3,5,4,0,4,0,3
E1002316,32,1,5,2,4,12,1.0,2,3,4,78,3,1,1,1,0,14,4,4,4,3,4,2,1,2,0,3
E1002318,35,0,1,2,3,6,1.0,26,4,3,31,3,3,4,1,1,16,3,9,2,3,9,0,1,7,0,3
E1002319,38,0,1,1,5,13,1.0,10,2,1,100,3,2,4,1,0,11,3,10,1,3,10,7,1,9,0,2
E1002322,50,1,1,0,5,13,2.0,1,4,2,94,3,2,3,7,0,12,4,12,3,3,6,3,0,1,1,4
E1002323,36,0,2,1,5,13,1.0,11,4,2,100,2,2,4,4,0,13,1,8,2,2,6,3,0,0,0,3
E1002326,40,1,1,2,4,12,1.0,2,4,3,52,2,1,3,2,0,14,4,8,2,3,2,2,2,2,0,3
E1002327,35,1,1,1,4,12,2.0,18,4,3,80,3,2,3,1,1,14,4,10,2,4,10,2,0,2,0,3
E1002329,40,0,3,1,4,12,1.0,2,4,3,98,3,1,3,2,0,14,2,20,2,3,5,3,0,2,0,3
E1002330,35,0,1,1,4,12,1.0,1,4,3,62,1,1,4,1,0,12,4,4,3,3,4,3,1,1,0,3
E1002331,29,1,4,1,4,12,1.0,13,2,4,46,2,2,2,4,1,13,1,10,2,3,4,3,0,3,0,3
E1002332,29,0,3,2,4,12,1.0,28,4,4,73,2,1,1,1,0,14,2,5,3,1,5,4,0,4,0,2
E1002333,50,1,2,0,5,13,1.0,28,3,4,39,2,3,1,4,1,13,2,20,3,3,3,2,2,0,1,3
E1002334,39,0,2,1,5,13,1.0,24,1,2,60,2,4,4,0,0,11,1,21,2,2,20,9,1,6,0,2
E1002335,31,1,3,2,4,10,0.0,5,3,2,74,3,2,1,0,0,19,2,10,2,3,9,4,1,7,0,2
E1002338,26,0,4,2,5,14,1.0,5,3,4,30,2,1,3,0,0,18,4,5,2,3,4,2,0,0,0,3
E1002340,39,1,3,1,4,5,1.0,6,1,4,42,2,3,1,4,0,15,1,9,3,3,7,7,1,7,0,3
E1002342,27,1,1,1,4,10,1.0,4,3,2,87,4,2,2,1,1,20,2,6,3,3,6,2,0,3,0,3
E1002343,49,1,3,1,5,13,2.0,2,3,4,63,2,2,2,2,0,14,4,17,3,2,9,6,0,8,0,3
E1002346,34,1,3,1,4,7,1.0,8,3,2,82,4,2,3,2,0,12,1,6,3,4,4,3,1,2,0,3
E100279,41,0,1,2,5,13,1.0,1,2,2,94,3,2,4,8,1,11,1,8,3,1,6,4,0,5,1,2
E100285,27,1,3,1,1,3,1.0,2,1,1,40,3,1,2,9,0,12,4,6,3,3,2,2,2,2,0,2
E100286,32,1,1,2,1,15,2.0,2,2,4,79,3,1,4,0,0,13,3,8,2,2,7,7,3,6,0,3
E100288,59,0,3,1,1,15,1.0,3,3,3,81,4,1,1,4,1,20,1,12,3,2,1,0,0,0,0,4
E100289,30,1,1,0,1,15,1.0,24,1,4,67,3,1,3,1,0,22,2,1,2,3,1,0,0,0,0,4
E100291,36,1,3,1,1,15,1.0,27,3,3,94,3,2,3,6,0,13,2,17,3,2,7,7,7,7,0,3
E100292,35,1,3,1,1,3,1.0,16,3,1,84,4,1,2,0,0,13,3,6,3,3,5,4,0,3,0,3
E100294,31,1,1,0,1,3,1.0,26,1,1,31,3,1,3,1,0,17,4,5,1,2,5,2,4,3,0,2
E100296,34,1,3,0,1,15,1.0,19,2,2,93,3,1,4,0,0,11,3,3,2,3,2,2,1,2,0,2
E100297,28,1,1,2,1,3,1.0,24,3,3,50,2,1,3,5,1,14,2,6,4,3,4,2,0,3,1,3
E100298,29,0,1,0,1,15,1.0,21,4,2,51,4,3,1,1,0,11,3,10,1,3,10,9,1,8,0,2
E100300,22,1,3,0,1,15,0.0,16,2,4,96,4,1,4,1,1,13,2,1,2,2,1,0,0,0,0,3
E100301,53,0,1,1,5,8,1.0,2,4,1,78,2,4,4,2,0,16,3,10,3,3,5,8,3,7,0,2
E100302,38,1,1,2,1,3,1.0,2,3,4,45,3,1,4,5,1,11,3,6,3,3,3,2,1,2,0,3
E100304,24,0,4,0,1,3,0.0,11,2,1,96,4,2,3,0,0,18,4,5,3,2,4,2,1,3,0,3
E100306,34,0,1,2,1,3,1.0,7,4,1,53,3,3,2,0,0,11,3,13,4,3,12,6,2,11,0,3
E100309,34,1,3,2,1,3,1.0,6,1,2,83,3,1,1,2,0,11,3,8,2,3,4,2,1,3,1,3
E100310,53,0,4,0,1,15,1.0,5,3,3,58,3,5,3,4,0,11,4,26,3,2,14,13,4,8,0,3
E100311,32,0,1,2,1,15,2.0,16,1,2,72,1,1,1,1,1,22,2,10,3,3,10,2,6,7,1,3
E100313,42,1,2,1,5,13,1.0,8,4,3,48,3,2,2,0,0,11,4,10,2,3,9,7,4,2,0,3
E100314,44,0,3,1,1,3,1.0,7,4,1,42,2,3,4,3,0,14,4,24,4,3,5,6,5,3,0,3
E100316,46,0,2,2,5,8,1.0,2,4,2,83,3,5,1,3,0,12,4,22,2,2,2,2,2,1,0,2
E100317,33,1,3,2,1,3,1.0,2,3,3,78,3,1,4,4,0,11,4,7,3,3,1,1,0,0,0,3
E100318,44,1,4,1,1,17,1.0,10,4,4,41,3,2,4,2,1,13,4,9,3,4,4,2,1,3,0,3
E100323,24,1,3,1,1,3,1.0,1,3,2,61,3,1,4,2,1,16,1,6,2,2,2,0,2,0,1,3
E100324,43,0,3,0,1,17,1.0,2,2,4,72,4,1,3,1,0,12,4,6,3,2,5,3,1,4,0,3
E100325,50,1,2,1,5,14,1.0,3,2,1,86,2,1,3,1,1,14,3,3,2,3,3,2,0,2,1,3
E100327,35,0,2,1,5,14,1.0,2,3,4,97,3,1,4,1,0,13,1,2,3,3,2,2,2,2,0,3
E100329,36,0,1,1,1,3,1.0,5,4,2,82,2,1,1,9,1,14,4,6,3,4,1,1,0,0,0,3
E100330,33,0,1,1,5,13,2.0,1,3,3,42,4,2,1,2,0,19,1,10,3,3,5,3,1,3,0,3
E100331,35,1,4,0,1,3,1.0,4,2,3,75,3,1,4,1,0,12,3,1,3,3,1,0,0,0,0,3
E100332,27,0,1,0,1,17,1.0,2,4,4,33,3,1,1,1,0,13,4,1,3,3,1,0,0,0,0,3
E100333,26,1,1,2,1,17,1.0,25,3,1,48,1,1,3,1,0,12,3,1,2,2,1,0,0,1,1,3
E100334,27,1,1,2,5,13,2.0,8,3,4,37,3,3,3,1,0,15,4,9,3,3,9,8,1,7,0,3
E100335,30,0,3,2,1,3,2.0,1,2,3,58,3,2,4,1,0,23,4,12,2,3,12,8,3,7,0,4
E100338,34,1,2,2,5,13,0.0,23,4,2,72,3,2,3,0,0,20,3,10,2,3,9,5,1,7,0,2
E100339,37,1,1,1,1,3,1.0,19,2,2,73,3,1,2,4,0,21,1,8,1,3,1,0,0,0,0,4
E100340,46,1,2,2,5,13,2.0,5,4,1,98,3,2,4,4,1,21,3,14,4,3,9,6,0,8,0,3
E100341,35,1,1,1,1,17,1.0,8,1,4,36,4,1,4,1,0,19,4,1,2,3,1,0,0,1,0,3
E100342,48,1,1,2,1,3,1.0,1,2,1,98,2,3,3,9,1,13,4,23,2,3,1,0,0,0,1,3
E100343,28,1,5,2,1,17,1.0,5,4,3,50,3,1,3,1,1,13,3,2,3,2,2,2,2,2,1,3
E100346,44,0,2,0,5,13,1.0,1,5,2,75,3,2,1,5,1,21,3,9,2,2,4,3,1,3,0,2
E100348,35,1,3,1,1,17,0.0,11,2,3,79,2,3,1,2,1,13,3,10,3,3,4,0,2,3,0,3
E100350,26,0,2,1,5,13,1.0,23,3,3,47,2,2,4,7,1,19,3,5,2,2,2,2,0,0,0,3
E100351,33,0,1,2,1,3,2.0,1,2,1,98,3,3,4,1,1,12,3,15,1,3,15,14,1,12,0,2
E100352,35,1,1,1,5,13,2.0,18,5,2,71,3,3,1,1,0,22,4,9,3,2,9,8,1,8,0,2
E100353,35,0,3,1,1,0,1.0,23,4,3,30,3,1,1,3,1,15,3,4,3,3,2,2,2,2,0,3
E100354,31,1,1,0,1,3,1.0,7,4,4,48,3,2,4,3,0,22,4,10,3,2,7,7,1,7,0,4
E100355,37,1,1,0,1,0,1.0,1,4,1,51,2,2,3,1,0,18,3,7,2,4,7,5,0,7,0,3
E100356,32,1,3,1,1,3,1.0,1,3,1,33,3,2,4,1,1,22,2,9,3,3,9,8,7,8,0,3
E100357,38,0,1,2,1,3,2.0,29,5,4,50,3,2,4,1,0,11,4,10,2,3,10,3,1,9,0,3
E100358,50,0,3,0,1,3,1.0,7,2,2,43,2,5,3,5,1,12,4,10,2,2,5,3,1,8,0,3
E100359,59,0,1,2,5,13,1.0,25,3,1,99,3,3,1,7,0,11,4,28,3,2,5,3,7,9,0,2
E100361,36,0,5,0,1,0,1.0,8,3,3,59,3,3,3,1,0,13,2,17,2,3,17,14,1,8,0,3
E100363,36,1,1,2,1,0,2.0,11,3,2,95,2,2,2,1,0,13,3,6,3,3,6,5,0,3,0,4
E100364,45,1,1,0,1,0,1.0,7,3,2,59,3,3,1,2,0,17,3,25,2,3,1,0,0,0,0,3
E100366,35,1,3,1,1,3,2.0,1,3,2,79,3,1,1,4,0,13,4,5,2,2,3,2,1,2,0,3
E100368,36,1,3,1,1,3,1.0,9,3,4,79,2,1,3,0,1,17,1,2,3,2,1,0,0,0,1,3
E100372,29,1,1,1,1,0,1.0,2,3,3,76,3,1,2,0,0,23,4,6,3,3,5,4,0,4,0,4
E100373,31,1,3,2,1,0,1.0,1,4,3,87,3,1,2,1,0,17,2,1,4,3,1,1,1,0,0,3
E100374,32,1,1,1,1,3,1.0,1,3,2,66,3,2,2,1,0,17,2,10,3,3,10,4,0,9,0,3
E100375,36,0,1,1,1,3,1.0,6,3,2,55,4,1,4,3,0,12,2,5,3,3,1,0,0,0,0,3
E100376,31,0,1,2,1,3,1.0,8,4,3,61,3,2,4,1,0,23,4,11,2,3,11,7,1,8,0,4
E100378,35,1,2,2,5,13,1.0,1,4,3,32,2,2,1,0,0,14,2,16,2,3,15,13,2,8,0,3
E100381,46,1,3,0,3,6,1.0,5,2,2,80,3,2,2,8,1,22,4,16,2,3,4,2,0,2,0,3
E100382,30,1,1,1,1,3,1.0,1,1,4,55,2,2,4,1,1,12,3,10,1,2,10,8,3,0,0,3
E100383,35,1,3,2,1,0,1.0,1,3,2,30,2,1,3,1,0,18,1,6,3,3,6,4,0,4,0,3
E100384,55,1,1,1,5,13,1.0,1,2,1,70,3,3,4,3,0,14,4,24,4,3,1,0,1,0,0,3
E100385,38,0,3,0,1,3,0.0,6,3,2,79,1,2,4,7,1,12,4,17,3,3,13,11,1,9,0,3
E100388,34,1,3,1,1,0,1.0,1,2,1,94,3,2,2,1,0,15,3,5,2,3,5,2,1,3,0,3
E100391,23,1,5,0,5,14,1.0,2,1,3,62,3,1,1,3,0,13,3,3,3,3,0,0,0,0,0,3
E100395,30,1,1,1,1,3,1.0,2,3,3,99,2,2,4,1,0,19,1,11,3,3,11,10,1,8,0,3
E100396,46,1,3,2,5,13,1.0,9,2,3,64,2,3,4,1,0,16,4,9,3,3,9,8,4,7,1,3
E100397,40,1,1,1,1,3,2.0,1,4,3,78,2,4,2,1,0,22,4,22,3,2,5,3,1,11,0,4
E100398,51,1,2,2,5,13,1.0,21,4,3,71,3,2,4,0,1,22,4,11,2,1,10,7,1,0,0,3
E100399,30,0,3,0,5,13,1.0,4,2,3,63,2,2,2,1,1,12,2,11,4,2,11,8,2,7,0,3
E100402,46,1,3,1,1,3,2.0,1,3,3,40,2,3,1,2,1,13,3,21,3,2,10,9,1,5,0,3
E100403,32,1,3,2,5,13,1.0,6,4,2,87,3,2,3,1,0,16,1,12,3,3,11,8,5,7,0,2
E100406,24,0,4,1,5,13,1.0,3,2,1,33,3,2,3,0,0,21,1,4,2,2,3,2,0,2,0,3
E100407,28,1,3,1,5,13,0.0,4,3,2,43,3,2,3,1,0,15,2,5,3,4,5,4,0,4,0,4
E100409,58,1,3,2,5,13,1.0,10,4,4,37,3,4,3,0,0,13,3,10,1,2,5,10,1,8,0,3
E100410,44,1,3,1,1,3,0.0,23,3,2,67,3,2,2,4,0,12,3,17,3,4,3,2,1,2,0,3
E100411,37,1,0,0,3,6,1.0,6,4,3,63,3,1,1,4,1,22,4,7,3,3,3,2,0,2,1,4
E100412,32,1,1,2,1,3,1.0,1,1,4,71,3,1,1,1,0,13,4,1,2,3,1,0,0,0,0,3
E100416,34,0,4,2,1,3,1.0,6,4,1,41,3,2,3,1,0,14,3,16,3,3,16,13,2,10,0,3
E100417,37,1,1,0,1,0,0.0,2,2,3,100,2,2,4,5,0,14,4,17,2,4,1,0,0,0,0,3
E100419,50,0,1,1,1,0,2.0,1,3,1,73,3,5,2,3,1,19,1,28,1,2,8,3,0,7,0,3
E100420,25,1,2,2,5,13,1.0,5,3,3,46,2,2,3,1,1,11,4,6,1,3,6,4,0,3,1,3
E100421,25,1,3,1,1,0,1.0,7,1,4,64,2,1,4,1,0,11,3,2,2,3,2,2,2,1,0,3
E100422,22,0,3,2,1,3,1.0,15,3,2,59,3,1,4,1,0,15,3,1,3,3,0,0,0,0,0,3
E100425,34,1,1,2,1,3,2.0,7,3,1,66,1,2,3,1,1,24,4,9,3,3,9,7,0,6,1,4
E100426,54,0,0,2,3,8,0.0,26,3,4,30,4,4,4,2,1,12,3,23,3,3,5,3,4,4,0,3
E100428,24,1,1,1,1,0,1.0,18,1,2,52,3,1,3,0,0,12,3,6,2,3,5,3,1,2,0,3
E100429,34,0,1,0,1,0,1.0,6,4,3,45,2,2,2,6,0,15,3,12,3,3,1,0,0,0,0,3
E100430,37,1,1,2,5,13,1.0,3,3,3,87,3,3,4,2,0,12,1,12,3,3,5,3,1,3,0,3
E100431,34,0,3,2,1,0,1.0,5,3,3,45,2,3,1,2,0,12,4,14,3,3,11,10,5,8,0,3
E100433,36,0,1,0,1,3,1.0,3,2,1,39,3,1,4,5,0,22,1,7,2,3,1,0,0,0,0,4
E100436,43,1,1,1,5,8,2.0,26,2,3,92,3,4,4,1,1,12,4,25,3,4,5,12,4,12,0,3
E100438,33,1,2,1,5,13,0.0,22,2,3,95,3,2,2,0,0,13,1,8,2,4,7,7,0,7,0,3
E100440,51,1,1,2,1,3,1.0,6,3,1,51,3,5,3,7,0,13,3,23,3,3,20,3,1,3,0,3
E100441,31,1,1,1,5,13,1.0,6,4,2,76,1,2,3,4,1,18,2,12,3,2,7,7,7,7,1,2
E100442,26,0,4,1,1,3,1.0,6,3,3,46,2,1,2,1,0,19,3,5,3,2,5,4,4,3,0,3
E100443,58,0,3,1,1,3,1.0,23,4,4,94,3,3,4,1,0,12,4,10,3,2,5,10,1,6,1,3
E100445,19,1,2,2,5,14,1.0,22,1,4,50,3,1,3,1,1,19,4,0,2,2,0,0,0,0,1,3
E100447,22,1,5,1,1,3,1.0,2,1,3,100,3,1,4,0,0,14,3,3,2,3,2,1,2,1,0,3
E100448,49,0,3,1,1,3,1.0,20,4,3,96,3,2,1,1,0,14,3,16,2,2,15,11,5,11,0,3
E100449,43,0,3,2,1,3,2.0,28,3,2,72,4,1,3,4,0,12,4,18,2,3,3,2,1,2,0,3
E100452,50,0,2,2,5,13,2.0,12,3,3,77,3,3,4,4,0,11,4,16,3,3,2,2,2,1,0,3
E100453,31,0,1,1,5,13,1.0,20,3,2,71,1,2,3,3,1,11,3,4,2,3,2,2,2,2,1,2
E100454,41,1,1,0,5,13,1.0,9,1,3,96,3,3,3,3,1,13,3,12,2,3,9,7,0,7,0,3
E100455,26,0,1,1,3,6,1.0,25,1,3,61,3,1,3,1,0,23,4,8,3,3,8,7,5,7,0,4
E100456,36,1,3,0,1,3,1.0,6,2,2,84,3,2,2,6,0,20,4,7,3,3,3,2,0,1,0,3
E100457,51,1,1,2,1,0,2.0,8,4,1,53,1,3,4,2,0,15,4,18,2,3,4,2,0,3,1,4
E100461,25,1,1,1,5,13,1.0,28,3,1,41,2,2,3,2,0,18,4,6,3,3,2,2,2,2,0,2
E100462,30,1,0,1,3,6,1.0,9,3,3,48,3,2,4,0,1,19,4,12,2,1,11,9,4,7,0,3
E100470,45,1,3,2,1,18,1.0,29,3,3,83,3,1,4,5,0,13,2,9,2,2,6,5,0,3,0,3
E100471,38,0,5,2,1,3,1.0,3,5,4,32,3,2,3,3,1,20,2,19,2,3,3,2,2,2,0,4
E100472,30,0,1,2,1,3,1.0,18,3,1,75,3,1,3,1,0,14,3,5,4,2,5,4,0,4,0,3
E100475,30,0,5,0,1,3,1.0,5,3,4,84,3,1,1,5,0,14,4,8,3,3,3,2,2,2,0,3
E100478,41,1,1,1,1,3,1.0,9,4,3,94,3,1,1,2,0,21,4,7,2,3,5,0,1,4,0,4
E100479,19,0,3,2,1,18,1.0,3,1,2,79,3,1,2,1,0,14,4,1,3,3,1,0,0,0,0,3
E100482,35,1,2,1,5,13,1.0,1,5,3,94,3,3,2,1,0,13,1,10,3,3,10,8,0,6,0,3
E100483,53,1,2,1,5,14,1.0,6,2,2,34,3,2,3,2,1,20,4,13,3,1,7,7,4,5,0,2
E100484,45,1,1,0,1,3,1.0,9,3,2,60,3,2,2,8,0,18,3,20,2,1,17,9,0,3,0,3
E100485,32,0,2,2,5,13,2.0,8,3,2,43,3,3,4,1,0,14,4,9,2,3,9,8,3,7,0,2
E100486,29,1,5,1,1,18,0.0,1,1,4,41,3,2,3,1,0,13,1,10,1,3,10,7,0,9,0,3
E100492,58,0,3,1,1,18,1.0,9,3,2,75,2,1,2,4,1,20,2,9,3,2,1,0,0,0,0,4
E100493,40,1,2,1,5,13,1.0,4,4,3,67,2,3,4,7,0,11,1,15,2,2,12,11,2,11,0,3
E100494,34,0,2,1,5,14,2.0,2,4,3,75,3,1,3,6,0,18,4,6,3,3,4,3,1,2,0,3
E100496,27,1,3,0,1,3,0.0,9,3,4,57,3,1,2,6,0,18,4,6,1,1,2,2,2,2,0,3
E100499,28,1,3,1,1,3,1.0,21,3,3,42,3,1,4,1,0,11,3,5,2,1,5,2,0,2,0,3
E100501,57,1,1,0,1,3,1.0,24,2,3,83,4,3,4,3,1,16,2,12,2,1,5,3,1,4,0,3
E100502,27,1,3,0,1,18,0.0,3,3,3,79,2,1,3,1,1,15,4,1,2,2,1,1,0,1,0,3
E100504,50,0,1,2,1,18,1.0,11,3,3,53,3,5,2,3,0,15,2,21,3,3,5,4,4,4,0,3
E100505,41,1,1,0,1,3,1.0,14,3,1,56,3,1,3,4,0,12,1,13,2,3,9,8,1,8,0,3
E100506,30,0,1,1,5,13,1.0,5,3,2,41,3,3,4,2,0,12,3,12,2,3,10,9,7,4,0,2
E100508,38,0,1,2,5,13,1.0,1,4,1,59,2,2,4,4,0,22,3,12,2,4,8,3,0,7,0,4
E100509,32,1,1,2,1,3,1.0,6,5,3,43,3,1,3,3,0,20,1,8,2,3,5,4,1,4,0,4
E100511,27,1,5,1,1,18,1.0,17,3,3,51,3,1,2,0,1,16,4,6,3,2,5,2,1,1,0,3
E100513,19,0,5,2,5,14,2.0,1,1,3,100,1,1,1,0,0,21,1,1,3,4,0,0,0,0,1,4
E100516,36,1,3,2,1,18,2.0,3,2,4,30,3,1,2,4,0,12,3,13,3,2,8,7,7,2,0,3
E100517,30,1,3,0,1,3,0.0,9,3,3,66,3,2,1,1,0,11,3,12,4,3,12,9,6,10,0,3
E100518,45,0,1,0,5,13,1.0,4,2,3,30,3,2,1,4,1,11,1,9,3,4,5,4,0,3,0,3
E100519,56,0,1,0,1,3,1.0,8,3,3,67,3,1,1,4,1,18,3,19,3,3,2,2,2,2,0,3
E100520,33,1,1,2,1,3,1.0,2,3,3,90,3,1,4,0,0,14,1,4,2,4,3,1,0,2,0,3
E100521,19,1,1,2,1,3,1.0,2,3,2,47,2,1,4,1,0,22,3,1,3,2,1,0,1,0,1,4
E100522,46,0,2,0,5,13,1.0,1,2,2,92,3,3,1,1,0,25,3,24,2,3,5,13,1,7,0,2
E100523,38,0,1,2,1,18,1.0,9,2,3,75,3,1,4,1,0,12,3,2,3,3,2,2,2,1,0,3
E100525,34,0,3,2,1,3,1.0,27,2,4,95,3,1,2,2,0,15,4,9,3,3,3,2,1,2,0,3
E100526,41,0,2,2,5,14,1.0,20,2,2,70,3,1,2,1,1,22,4,4,3,2,4,3,0,2,1,3
E100527,50,1,3,1,1,3,1.0,1,3,3,86,2,1,3,2,0,15,4,5,2,2,3,2,0,2,0,3
E100528,53,0,3,0,1,18,1.0,13,2,4,57,4,2,1,1,0,11,3,5,3,3,4,2,1,3,0,3
E100530,33,0,3,1,1,3,1.0,14,3,4,72,3,1,2,1,0,13,4,8,3,3,8,7,1,6,0,3
E100531,40,0,3,1,1,3,1.0,4,1,4,46,3,5,3,1,0,14,2,21,2,3,20,8,1,9,0,3
E100534,34,1,1,1,1,18,2.0,2,1,4,45,2,2,3,1,0,17,3,10,2,2,10,9,1,9,0,3
E100536,51,0,3,2,1,3,1.0,3,3,4,98,3,4,2,3,0,18,3,21,3,3,7,7,1,0,0,3
E100537,52,1,1,1,1,3,1.0,1,4,3,65,2,5,3,0,0,14,1,10,3,3,5,3,1,9,0,3
E100538,27,0,3,2,1,3,1.0,9,3,4,99,3,1,2,1,0,16,4,7,2,2,7,7,0,3,0,3
E100539,35,1,1,1,1,3,1.0,23,2,2,50,2,2,3,3,1,13,1,8,1,3,1,0,0,1,1,3
E100540,43,1,3,0,1,18,0.0,7,3,4,37,4,1,4,4,0,14,4,7,3,4,5,4,2,2,0,3
E100542,45,1,3,1,1,18,0.0,2,2,1,65,2,4,4,9,0,23,4,22,1,3,20,8,1,8,0,3
E100545,37,1,1,1,1,3,1.0,21,3,2,65,4,1,1,1,1,12,1,8,3,2,8,7,1,7,0,3
E100547,35,0,3,2,1,3,2.0,2,3,2,37,3,2,2,5,0,11,4,10,3,3,6,2,1,2,0,3
E100548,42,0,3,0,1,3,0.0,21,2,3,36,3,2,3,2,0,16,2,11,3,3,5,3,0,2,0,3
E100549,38,1,1,1,1,18,1.0,2,4,4,88,3,2,3,9,0,14,2,14,3,3,1,0,0,0,0,3
E100551,38,1,5,1,1,18,1.0,29,3,4,54,3,2,4,3,0,18,1,9,3,1,7,7,1,7,0,3
E100552,27,1,5,1,1,3,2.0,1,1,3,60,2,2,1,5,0,19,3,6,1,3,2,2,2,0,0,3
E100553,49,1,1,0,1,18,0.0,18,4,4,92,3,2,4,1,1,15,1,7,3,3,7,7,1,7,0,3
E100555,34,1,3,0,1,3,2.0,10,4,4,43,3,1,3,1,1,17,4,5,4,4,5,3,2,0,0,3
E100559,40,1,3,1,1,3,1.0,19,2,3,99,3,2,4,8,1,15,3,15,2,4,7,2,3,7,0,3
E100560,38,1,3,1,1,18,1.0,29,1,2,70,3,2,1,7,1,19,2,17,2,3,1,0,0,0,1,3
E100561,29,0,2,1,5,13,1.0,27,3,2,35,3,3,4,1,0,22,4,10,3,2,10,4,1,9,1,2
E100562,22,1,1,0,1,18,1.0,5,3,4,60,4,1,2,1,1,16,1,4,2,2,4,2,2,2,0,3
E100564,36,0,3,2,1,3,2.0,18,1,2,73,3,1,4,1,0,13,1,8,2,3,8,1,1,7,0,3
E100565,40,1,1,1,1,18,0.0,9,5,4,63,2,2,4,9,0,14,4,5,3,1,3,2,0,2,0,3
E100569,32,1,3,1,5,13,1.0,4,4,4,32,1,3,4,1,0,11,3,14,2,2,14,8,1,8,1,3
E100571,27,0,1,2,5,13,2.0,20,3,4,90,3,2,3,1,0,14,4,7,2,3,7,7,0,7,0,3
E100574,51,1,1,1,0,1,1.0,8,4,2,81,2,3,2,5,0,16,4,16,3,1,10,9,4,7,0,3
E100576,41,0,1,2,5,8,1.0,6,3,4,75,3,3,4,3,1,18,3,16,3,3,1,0,0,0,0,3
E100577,30,0,2,2,5,13,2.0,26,4,3,52,2,2,1,5,0,15,3,9,3,2,6,3,0,1,1,3
E100578,29,1,5,2,1,3,1.0,1,3,3,85,3,1,3,0,0,14,4,7,1,2,6,2,1,5,1,3
E100580,45,0,3,2,5,13,0.0,6,3,4,57,2,3,4,6,0,12,4,23,2,3,19,7,1,8,0,3
E100581,54,0,2,1,5,13,1.0,3,3,4,52,3,2,1,2,0,14,4,16,4,3,6,2,0,5,0,3
E100582,36,1,1,2,1,18,1.0,5,2,4,62,3,2,2,8,0,16,4,16,3,4,13,11,3,7,0,3
E100584,37,1,4,0,1,3,2.0,11,3,2,47,3,3,4,1,1,14,3,10,1,3,10,8,0,7,0,3
E100586,31,1,3,1,1,3,0.0,1,4,3,90,1,2,3,0,0,12,4,6,2,3,5,4,1,4,0,3
E100589,37,1,2,0,5,14,2.0,4,4,1,41,3,1,4,4,0,17,3,13,2,3,9,8,5,8,0,2
E100590,29,0,3,1,5,13,2.0,1,1,2,42,3,3,4,1,0,14,4,11,3,3,11,10,4,1,0,2
E100592,35,0,2,2,5,13,2.0,1,3,3,92,3,3,3,1,0,14,1,10,3,4,10,7,0,8,0,4
E100593,29,1,3,2,1,3,1.0,18,1,3,86,2,1,4,1,1,13,3,4,3,2,4,3,0,1,1,3
E100594,52,0,1,2,1,18,1.0,2,3,3,89,2,1,4,7,0,15,2,6,3,2,2,2,2,2,0,3
E100597,42,1,5,1,1,3,1.0,4,2,3,58,3,5,4,1,0,11,4,22,3,3,5,3,1,3,0,3
E100599,59,1,3,1,3,6,1.0,6,2,2,52,3,1,3,8,0,17,4,7,2,2,2,2,2,2,0,2
E100601,50,0,3,0,5,8,1.0,1,4,4,68,3,5,4,3,0,11,3,10,3,2,7,0,0,6,0,3
E100603,33,1,3,1,1,3,1.0,14,3,3,58,3,1,4,5,1,13,3,8,2,1,5,4,0,4,1,3
E100605,43,0,2,1,5,8,1.0,16,3,4,80,3,4,4,5,1,22,3,22,3,3,17,13,1,9,0,4
E100606,33,0,1,1,1,3,1.0,2,2,1,39,3,1,1,7,0,20,1,13,3,4,9,7,1,7,1,3
E100607,52,1,1,2,5,8,0.0,2,4,1,79,2,5,3,1,1,18,4,10,2,4,5,7,1,12,0,2
E100609,32,1,1,2,1,3,1.0,1,3,4,62,2,1,3,0,1,14,4,4,2,1,3,2,1,2,1,3
E100610,39,0,3,0,0,1,1.0,1,4,3,96,3,1,3,7,0,14,3,7,1,3,3,2,1,2,0,3
E100611,32,1,2,1,5,13,0.0,26,4,3,100,3,2,4,0,0,18,1,4,2,3,3,2,2,2,0,3
E100612,41,1,1,0,0,1,1.0,19,2,3,36,3,2,1,2,0,16,1,17,2,2,1,0,0,0,0,3
E100615,31,1,3,0,1,18,2.0,3,4,2,73,3,3,3,9,0,12,1,9,3,3,2,2,2,2,0,2
E100616,33,0,1,1,1,3,1.0,5,4,3,63,2,1,4,1,0,13,3,2,2,2,2,2,0,2,0,3
E100617,34,1,1,1,1,3,1.0,2,4,4,84,2,2,1,6,0,13,2,13,3,3,11,9,5,9,0,3
E100618,37,0,3,1,1,18,1.0,1,2,3,83,2,1,1,2,0,14,1,17,2,2,3,1,0,2,0,3
E100619,45,1,1,1,1,18,2.0,7,4,1,77,4,2,3,4,0,17,4,9,1,3,3,2,0,2,0,4
E100620,37,1,3,0,1,3,2.0,10,3,1,61,3,3,3,6,0,11,2,17,3,3,1,0,0,0,1,3
E100621,39,0,5,2,1,3,2.0,2,4,3,64,3,3,3,0,0,25,4,20,1,3,19,6,1,8,0,4
E100625,42,0,1,2,1,3,1.0,17,2,4,82,4,2,1,3,1,13,3,10,1,3,3,2,0,2,0,3
E100627,29,1,2,0,5,13,1.0,20,2,4,45,3,2,4,2,0,14,4,10,2,3,3,2,0,2,0,3
E100628,25,0,1,1,1,3,1.0,1,3,1,62,3,2,3,0,0,12,4,5,3,3,4,2,1,2,0,3
E100629,42,0,3,0,1,3,1.0,2,3,4,56,2,1,1,0,1,11,3,10,4,3,9,6,7,8,0,3
E100630,40,1,3,0,0,1,1.0,2,2,1,49,3,5,3,0,0,19,4,22,3,3,5,7,3,9,0,2
E100631,51,1,1,1,1,3,1.0,1,3,3,96,3,1,4,1,0,11,2,1,3,2,1,0,0,0,0,3
E100637,32,1,1,1,1,18,2.0,7,3,2,100,4,1,2,1,0,20,3,5,3,1,5,1,0,3,0,3
E100639,38,1,1,1,5,13,0.0,2,2,4,39,2,2,4,3,0,18,4,13,3,3,8,7,7,5,0,3
E100640,32,1,5,2,1,3,1.0,2,1,4,84,2,2,1,4,0,13,4,9,3,3,6,2,0,4,0,3
E100641,46,0,5,1,5,8,1.0,2,3,3,75,1,4,2,3,1,12,2,28,2,2,7,7,7,7,0,3
E100642,28,1,1,2,1,3,1.0,2,4,1,79,3,1,3,2,0,11,3,5,3,1,0,0,0,0,1,3
E100644,29,1,3,1,5,13,1.0,2,3,1,78,2,2,2,2,0,19,2,10,2,3,0,0,0,0,0,3
E100645,31,1,3,1,0,1,1.0,23,3,2,64,2,2,4,0,0,21,2,10,2,3,9,0,7,8,0,4
E100647,25,1,1,0,1,3,0.0,5,2,2,85,4,2,1,1,0,12,4,6,2,3,6,3,1,5,0,3
E100650,45,1,3,1,1,18,1.0,20,2,3,79,3,4,4,0,1,14,2,21,2,3,20,7,4,10,0,3
E100652,55,1,3,2,1,3,1.0,1,3,4,81,3,5,1,0,1,14,3,10,2,3,5,10,4,13,0,3
E100655,28,1,3,1,1,18,1.0,9,3,4,94,3,1,4,1,0,23,4,5,3,2,5,2,0,4,0,4
E100656,37,1,3,1,5,13,1.0,6,4,3,98,3,2,4,4,0,14,2,7,3,4,5,4,0,1,0,4
E100657,21,1,3,2,1,3,1.0,3,2,4,100,2,1,3,1,0,17,1,3,4,4,3,2,1,0,0,4
E100658,37,0,3,0,1,3,0.0,1,4,1,80,3,3,4,2,1,18,1,15,2,3,5,2,0,2,0,3
E100659,35,0,1,0,1,18,1.0,22,3,2,71,4,3,2,7,0,18,2,10,3,2,7,7,6,2,0,3
E100660,38,0,3,0,5,13,1.0,7,2,1,44,4,2,1,1,1,24,3,8,3,3,8,0,7,7,0,4
E100662,26,0,1,0,0,1,2.0,1,3,3,84,3,2,2,1,0,20,1,6,3,1,6,5,1,4,0,3
E100663,50,1,1,0,1,3,1.0,4,1,1,96,3,5,2,3,0,14,1,28,4,2,10,4,1,6,0,2
E100664,53,1,3,1,1,18,1.0,3,4,3,45,3,4,3,3,1,16,4,21,3,2,5,3,1,3,0,3
E100665,42,1,1,1,5,13,1.0,1,1,2,99,3,2,3,1,0,25,3,20,3,3,20,3,1,6,0,2
E100668,26,1,3,1,1,3,2.0,11,2,1,60,3,2,1,1,1,13,3,5,3,3,5,3,3,3,0,3
E100669,37,0,1,2,1,18,1.0,1,3,4,42,3,1,4,1,0,12,2,17,3,3,17,12,5,7,0,3
E100670,44,1,1,0,1,3,2.0,24,3,4,43,3,1,3,3,1,22,4,19,3,1,1,0,0,0,1,3
E100671,38,1,1,0,1,3,1.0,23,4,4,82,3,2,4,9,0,14,2,10,2,3,2,2,1,2,0,3
E100672,26,1,3,0,0,1,1.0,16,4,1,45,3,1,2,2,1,13,4,5,2,3,3,2,0,2,1,3
E100673,28,0,1,2,1,18,1.0,8,2,4,66,3,1,4,1,0,21,4,5,3,3,5,3,0,2,0,4
E100674,49,0,1,2,1,3,2.0,10,4,3,35,3,5,1,9,1,11,4,22,4,3,3,2,1,2,0,3
E100677,31,0,2,0,5,14,2.0,5,3,4,84,3,1,2,1,0,11,3,2,3,2,2,2,2,2,0,3
E100679,26,1,2,2,5,13,1.0,4,4,4,48,2,2,4,1,1,12,2,8,3,3,8,7,7,4,1,3
E100681,37,1,3,1,1,3,2.0,9,3,2,53,3,1,4,1,1,12,3,4,3,2,4,2,1,2,0,2
E100682,42,0,2,1,5,13,2.0,26,3,3,77,3,4,2,5,0,14,4,23,2,4,20,4,4,8,0,3
E100683,18,1,1,2,1,3,1.0,3,3,3,54,3,1,3,1,0,13,3,0,2,3,0,0,0,0,1,3
E100684,35,1,2,1,5,13,1.0,16,3,3,96,3,3,2,0,0,15,3,12,3,2,11,9,6,9,0,3
E100685,36,1,1,1,1,3,2.0,18,4,3,81,4,1,4,4,0,18,4,4,2,3,1,0,0,0,0,3
E100686,51,1,3,0,1,18,1.0,2,3,4,84,1,2,2,5,0,18,4,13,3,3,4,1,1,2,0,3
E100688,41,1,1,2,5,8,1.0,2,4,4,88,3,4,2,1,0,19,2,22,2,3,5,10,0,4,0,3
E100689,18,0,3,2,5,14,1.0,10,3,4,69,2,1,3,1,0,12,1,0,2,3,0,0,0,0,0,3
E100690,28,1,3,2,0,1,1.0,16,2,2,68,4,2,1,0,0,19,3,9,2,3,8,3,0,7,0,3
E100695,39,1,3,0,1,18,1.0,1,3,3,48,4,3,4,0,0,17,1,19,3,2,18,10,3,7,0,3
E100697,36,0,1,1,1,18,0.0,24,4,2,47,3,2,2,7,0,15,3,11,3,3,9,8,0,8,0,3
E100698,32,1,1,1,5,13,1.0,7,3,4,91,2,2,3,1,0,14,3,13,3,2,13,8,4,8,0,3
E100699,38,0,1,1,1,3,1.0,25,2,1,81,2,3,2,3,0,17,3,19,2,3,10,8,0,1,0,3
E100701,31,1,5,1,1,3,1.0,5,4,3,86,3,1,4,0,1,12,3,6,4,3,5,2,0,3,0,3
E100702,31,1,0,1,3,6,1.0,2,3,1,62,2,2,1,3,0,12,4,9,1,3,2,2,1,0,0,2
E100703,45,1,1,0,1,18,2.0,7,3,1,97,3,3,1,1,0,18,1,24,2,3,5,9,1,11,0,3
E100704,31,1,1,0,1,3,1.0,2,4,3,32,3,1,4,0,1,18,2,3,2,1,2,2,2,2,0,3
E100706,33,0,1,1,1,3,2.0,5,4,4,74,3,3,2,6,0,11,2,12,2,3,10,6,1,8,0,3
E100707,39,1,3,1,1,3,1.0,10,1,3,99,3,4,1,1,1,14,4,21,3,3,5,9,1,10,0,3
E100708,43,0,1,2,1,3,2.0,10,4,3,33,3,1,4,0,0,19,1,9,3,3,8,7,1,7,0,3
E100709,49,0,5,2,1,18,1.0,1,2,3,90,2,4,3,7,1,12,4,25,2,3,7,1,0,7,0,3
E100712,27,0,1,2,1,18,1.0,5,3,3,85,3,1,2,1,1,12,2,4,2,2,4,3,1,2,0,3
E100714,32,0,5,1,5,13,1.0,8,2,3,65,2,2,2,1,1,11,4,13,2,3,13,12,1,9,0,3
E100715,27,1,1,2,5,13,1.0,2,3,4,74,3,2,3,1,1,11,1,5,3,3,5,4,0,4,0,3
E100716,31,1,2,0,5,13,1.0,7,3,4,73,3,2,4,4,0,12,4,13,3,3,7,7,1,7,0,3
E100717,32,0,3,2,1,18,1.0,2,4,1,74,4,2,4,7,0,16,3,10,3,2,7,7,0,7,0,3
E100719,30,0,3,1,1,2,1.0,28,2,4,64,3,2,4,1,0,13,4,11,2,3,10,8,1,9,0,3
E100722,39,1,3,1,1,3,2.0,7,2,3,54,2,5,4,1,0,15,1,21,2,3,5,9,1,3,0,3
E100723,39,0,3,1,5,13,1.0,3,2,4,41,3,2,3,4,1,18,1,12,3,2,1,0,0,0,1,3
E100724,33,1,2,2,5,13,2.0,10,3,2,46,2,2,4,3,0,14,3,9,3,2,7,7,0,1,0,4
E100725,47,1,1,1,0,1,1.0,5,5,4,42,3,5,3,4,0,11,2,21,2,3,3,2,1,1,0,3
E100727,27,1,2,1,5,13,0.0,1,1,3,73,3,2,2,0,1,13,4,6,3,3,5,4,1,4,0,3
E100729,43,0,1,1,1,2,1.0,7,3,3,43,3,3,1,8,0,16,1,10,1,2,1,0,0,0,0,3
E100730,45,1,4,1,1,3,1.0,8,4,4,75,3,2,4,9,0,14,1,12,3,3,10,9,1,8,0,3
E100731,40,1,3,1,5,13,1.0,1,2,2,57,1,2,4,2,1,22,3,6,2,2,4,3,0,2,0,3
E100732,29,1,4,1,1,3,1.0,8,4,2,77,1,1,1,1,1,11,4,7,4,2,7,7,0,7,1,3
E100734,30,0,2,0,5,13,1.0,5,3,4,30,2,2,3,1,0,13,3,10,2,3,10,9,1,2,0,3
E100736,27,0,2,1,5,13,1.0,8,4,2,56,3,2,2,1,0,18,1,8,3,3,8,7,0,7,0,3
E100738,37,1,3,0,1,2,1.0,5,2,4,61,3,2,4,7,0,16,3,8,2,2,6,2,0,4,0,3
E100739,38,1,1,0,1,3,1.0,15,2,3,92,2,3,4,0,1,14,2,12,3,3,11,10,2,9,0,3
E100740,31,0,3,2,1,2,1.0,7,4,3,39,3,3,4,1,1,14,3,11,2,2,11,9,4,10,0,3
E100741,29,0,2,0,5,13,1.0,10,1,4,39,2,2,2,1,1,14,1,7,2,3,7,7,1,7,0,3
E100742,35,1,5,2,1,2,1.0,5,4,3,62,3,3,2,0,0,13,4,17,3,3,16,6,0,13,0,3
E100744,41,1,3,2,1,3,1.0,6,3,4,95,2,2,2,6,1,15,4,8,3,3,5,4,1,2,0,3
E100745,47,1,3,2,5,14,2.0,4,1,2,99,3,2,3,3,0,19,1,5,3,3,0,0,0,0,0,3
E100746,42,0,1,2,1,3,1.0,23,5,1,44,3,4,4,2,0,14,2,16,2,3,1,0,0,0,0,3
E100747,29,1,1,1,5,13,0.0,2,3,4,61,3,2,3,1,0,14,1,4,3,2,4,3,0,2,0,3
E100748,42,1,5,0,3,6,1.0,2,1,3,52,3,1,3,0,1,11,3,4,3,3,3,2,1,0,0,3
E100752,37,1,3,0,1,2,1.0,6,3,3,51,4,2,1,4,1,13,1,13,2,3,7,7,6,7,0,3
E100754,26,1,1,1,5,13,1.0,1,3,3,57,3,2,3,1,0,17,2,8,3,3,8,7,7,7,0,3
E100756,21,0,5,2,5,14,2.0,1,1,1,99,2,1,2,1,1,11,3,3,3,3,3,2,1,2,1,2
E100757,36,0,3,2,5,13,0.0,1,5,4,45,3,2,4,4,0,15,2,7,3,3,1,0,0,0,0,3
E100759,36,1,3,1,5,13,2.0,3,4,1,48,2,3,4,4,0,11,1,16,2,3,13,9,1,12,0,2
E100760,57,1,3,1,1,3,1.0,1,4,4,88,3,2,3,2,0,11,3,15,2,3,3,2,1,2,0,3
E100761,40,0,1,1,1,2,1.0,10,4,4,46,4,1,3,3,1,13,3,10,3,3,7,7,1,7,0,3
E100762,21,1,3,2,5,14,0.0,9,2,1,39,3,1,4,1,0,24,3,3,3,2,3,2,2,2,0,2
E100766,41,1,2,2,5,13,2.0,4,3,1,56,3,2,2,1,0,18,3,8,3,3,8,7,7,7,1,2
E100770,40,1,2,1,5,13,1.0,22,2,3,68,2,2,3,2,1,12,1,8,3,3,6,4,1,0,1,3
E100771,31,1,1,2,1,3,1.0,9,4,3,42,2,1,2,0,1,16,4,3,3,3,2,2,2,2,0,3
E100772,21,0,1,2,5,14,1.0,12,3,3,90,4,1,2,1,0,15,4,1,3,3,1,0,0,0,1,3
E100773,29,1,1,2,1,2,1.0,23,3,4,54,3,1,4,9,0,16,4,6,4,3,3,2,1,2,0,3
E100774,35,1,1,2,1,3,1.0,9,4,3,97,2,2,2,9,0,19,3,10,3,3,1,1,0,0,0,3
E100775,27,1,3,0,0,1,1.0,1,2,4,82,3,1,2,1,0,11,2,5,2,3,5,2,0,4,0,3
E100776,28,1,1,2,5,13,1.0,9,4,2,92,3,2,4,1,0,16,4,7,1,3,7,5,0,7,0,3
E100777,49,1,4,2,1,2,1.0,7,3,2,31,2,3,3,8,0,24,3,26,2,3,5,2,0,0,0,3
E100778,51,0,1,1,5,13,1.0,14,2,3,87,3,2,4,4,0,11,3,18,2,2,7,7,0,7,0,3
E100779,36,0,1,1,1,3,1.0,2,3,4,96,3,1,3,4,0,13,2,6,3,3,2,2,2,2,0,3
E100780,34,1,2,2,5,13,0.0,19,3,1,67,4,2,4,8,1,13,2,9,3,2,5,2,0,4,1,3
E100783,55,0,1,2,1,2,1.0,2,3,3,97,3,4,4,2,1,13,3,10,2,3,5,4,1,2,0,3
E100786,30,1,5,1,5,14,1.0,2,1,3,72,3,1,2,1,0,18,1,1,3,3,1,0,0,0,0,3
E100788,26,1,5,2,1,3,2.0,3,1,3,73,3,1,1,0,0,22,3,7,2,3,6,4,0,4,1,4
E100789,22,0,3,1,1,3,1.0,11,3,1,43,3,1,2,1,0,13,4,2,1,3,2,1,1,2,0,3
E100791,36,1,3,1,5,13,1.0,2,2,2,61,2,3,3,1,0,13,2,10,2,3,10,9,1,0,0,2
E100792,30,1,5,2,1,3,2.0,4,3,3,40,3,1,4,9,1,23,3,3,4,3,1,0,0,0,1,4
E100793,37,0,1,0,1,2,1.0,14,3,4,95,3,1,1,1,0,12,3,18,2,2,18,7,1,3,0,3
E100794,40,0,2,0,5,13,1.0,2,2,4,46,3,2,2,7,0,12,3,8,3,3,5,4,1,3,0,3
E100796,37,1,1,2,1,2,1.0,10,4,3,49,3,2,2,2,1,12,4,18,2,2,1,0,0,1,0,3
E100798,43,1,1,0,1,3,1.0,12,3,1,59,2,4,2,1,0,11,3,25,3,3,5,10,3,9,0,2
E100799,40,0,3,1,1,3,1.0,2,3,2,78,2,2,3,6,0,22,2,20,3,3,1,0,0,0,0,4
E100800,54,1,3,1,1,3,1.0,5,2,1,86,3,5,1,4,0,11,3,24,4,2,4,2,1,2,0,3
E100802,31,0,3,1,1,3,1.0,7,2,2,31,3,2,1,1,0,12,2,13,3,1,13,10,3,12,0,3
E100803,43,1,3,1,1,3,2.0,21,3,4,61,3,1,4,7,0,20,1,8,1,3,3,2,1,2,0,4
E100805,25,0,1,2,5,13,1.0,4,2,2,99,2,2,4,1,1,11,2,5,3,3,5,4,1,3,0,2
E100807,37,0,3,1,1,15,0.0,25,5,2,72,3,2,3,3,1,15,1,15,2,3,13,11,1,7,0,3
E100808,31,1,1,1,1,3,1.0,1,2,4,98,2,1,1,1,0,12,3,4,3,3,4,2,3,2,0,3
E100809,39,1,1,0,1,15,2.0,1,1,2,52,3,5,3,1,1,14,3,21,3,3,5,8,1,6,0,2
E100811,30,0,5,2,5,13,1.0,12,3,2,83,3,2,3,0,0,11,2,6,3,3,5,4,4,4,0,2
E100812,41,1,2,1,5,13,1.0,1,3,2,49,4,3,1,1,0,16,3,10,2,3,10,7,0,7,0,3
E100814,28,1,3,0,1,15,1.0,17,2,3,79,3,2,1,1,0,12,4,10,2,3,10,0,1,8,0,3
E100816,25,1,3,1,1,3,1.0,3,3,1,91,3,1,1,5,0,13,3,6,3,3,2,2,0,2,1,3
E100821,52,1,3,1,1,3,1.0,3,3,4,39,2,3,3,2,1,14,3,28,4,3,5,4,0,4,0,3
E100822,45,1,1,1,1,3,1.0,10,2,1,69,3,1,4,3,0,21,4,8,3,2,2,2,0,2,0,3
E100824,52,0,1,1,0,1,1.0,4,2,4,30,3,4,4,2,0,13,4,10,2,1,5,2,1,4,0,3
E100825,42,0,1,0,1,3,2.0,29,2,1,92,3,2,3,2,0,11,2,19,3,3,5,4,0,2,0,3
E100826,30,0,1,2,1,3,1.0,2,3,3,43,1,2,4,2,0,20,3,11,2,3,5,4,0,2,0,4
E100827,60,0,1,1,1,3,1.0,7,3,1,41,3,5,1,5,0,11,4,10,3,1,5,8,1,10,0,3
E100828,46,0,3,0,0,1,1.0,18,3,3,87,3,2,3,2,0,14,3,19,3,2,10,7,0,8,0,3
E100832,24,0,5,2,5,14,1.0,1,1,1,62,3,1,2,1,1,16,2,6,4,3,5,3,1,4,1,3
E100833,34,0,2,0,5,14,2.0,6,2,4,33,1,1,3,0,0,16,4,3,3,2,2,2,1,0,1,3
E100834,38,1,1,1,0,1,2.0,2,2,4,42,3,1,4,1,1,23,3,1,3,3,1,0,0,0,0,4
E100836,40,0,1,1,5,8,1.0,2,4,3,79,3,5,3,0,0,14,4,21,2,3,20,3,1,12,0,3
E100838,26,0,1,0,1,15,1.0,23,3,1,90,3,1,4,1,0,22,2,3,3,1,3,2,0,2,0,3
E100840,30,1,1,1,1,15,0.0,3,3,3,53,3,1,4,4,0,15,3,9,3,1,5,3,1,4,0,3
E100842,29,1,3,1,1,3,1.0,3,4,2,93,2,3,3,1,0,18,3,10,2,3,10,2,0,7,0,3
E100843,29,0,5,1,1,3,1.0,25,5,3,71,2,1,2,5,0,16,2,6,2,4,2,2,1,1,1,3
E100844,19,1,5,2,3,6,1.0,2,2,1,52,2,1,4,1,0,12,3,1,3,4,1,0,0,0,1,3
E100845,30,0,4,1,5,13,0.0,22,4,3,69,3,3,1,0,0,11,3,10,3,3,9,8,7,8,0,3
E100846,57,1,2,0,5,8,1.0,29,3,1,56,2,4,4,3,0,12,3,10,3,2,1,0,0,0,0,3
E100847,50,1,1,1,1,15,1.0,29,4,2,88,2,4,3,0,0,15,2,28,2,3,5,10,1,7,0,3
E100852,47,0,3,0,1,3,1.0,2,2,1,65,3,2,4,5,0,13,3,20,2,3,5,0,0,4,0,3
E100853,46,1,1,1,1,15,1.0,2,3,1,51,3,4,3,6,0,13,3,26,2,1,3,2,0,1,0,3
E100855,35,1,1,2,1,3,1.0,22,3,4,46,1,1,3,0,0,15,3,6,2,3,5,4,4,3,0,3
E100856,54,0,1,2,1,3,1.0,8,4,3,42,3,2,3,7,0,11,3,19,3,3,1,0,0,0,0,3
E100857,34,1,1,0,1,15,1.0,2,4,4,62,2,1,3,3,0,12,3,14,3,3,7,3,5,7,0,3
E100858,46,0,2,1,5,13,1.0,10,3,3,94,2,3,4,2,1,19,3,15,3,3,3,2,1,2,0,3
E100859,31,1,1,0,1,15,1.0,9,1,3,33,3,3,2,1,0,25,4,13,3,4,13,8,0,8,0,3
E100860,33,1,3,1,1,15,1.0,15,1,2,56,3,3,3,7,1,12,4,15,2,4,7,6,7,7,1,2
E100862,33,1,3,0,1,3,1.0,10,1,1,38,1,1,4,7,0,13,1,8,2,3,4,3,1,3,1,3
E100863,30,1,2,2,5,14,1.0,7,1,4,57,3,1,2,0,0,14,1,4,3,3,3,2,1,2,0,3
E100864,35,1,1,1,1,15,1.0,16,3,4,72,3,3,3,4,1,12,3,10,2,3,8,7,0,0,0,3
E100865,31,1,1,1,1,3,2.0,20,3,1,66,3,3,3,3,0,12,1,12,2,3,1,0,0,0,1,3
E100868,34,0,0,0,3,6,2.0,23,3,2,43,3,3,1,9,1,15,3,11,2,3,3,2,0,2,1,3
E100869,42,1,4,1,0,1,2.0,5,2,2,97,3,1,3,4,0,17,4,8,4,3,2,2,2,0,0,3
E100870,36,1,3,2,5,13,0.0,10,4,2,32,3,3,4,1,0,14,4,10,3,2,10,3,1,7,0,2
E100871,22,1,5,2,1,15,2.0,4,1,3,99,2,1,3,5,0,16,3,4,3,3,2,2,1,2,1,3
E100873,48,0,2,1,5,13,1.0,2,5,2,37,3,2,4,2,0,14,1,14,2,3,9,7,6,7,0,2
E100875,55,0,1,2,5,8,1.0,18,5,1,83,3,4,2,3,0,23,4,10,2,3,10,9,7,7,0,2
E100877,41,1,1,2,5,13,0.0,10,2,4,56,3,2,4,7,0,14,4,16,3,3,14,3,1,10,0,3
E100878,35,1,2,1,5,13,1.0,1,3,2,85,3,2,3,9,0,11,3,15,2,3,11,9,6,9,0,2
E100880,39,0,1,1,1,3,2.0,8,1,3,48,3,1,3,1,0,11,1,8,3,3,8,3,0,7,0,3
E100882,31,1,1,2,5,13,1.0,2,1,2,77,3,2,4,4,1,13,3,10,2,4,6,5,0,5,0,3
E100883,42,1,3,1,1,3,1.0,24,3,4,56,3,3,1,1,1,21,4,10,3,2,10,9,5,8,0,4
E100884,45,1,4,1,5,13,1.0,2,3,4,61,3,2,2,0,0,19,2,9,3,4,8,7,3,7,0,3
E100890,33,0,3,0,1,3,1.0,1,5,1,95,4,4,3,4,0,19,3,10,2,3,6,1,0,5,0,3
E100891,31,1,1,0,5,8,1.0,7,3,3,44,2,3,4,9,0,21,3,10,3,2,5,4,0,1,0,4
E100892,18,1,2,2,5,14,2.0,5,3,2,69,3,1,2,1,1,14,4,0,3,3,0,0,0,0,1,3
E100893,40,1,4,0,5,13,0.0,28,3,3,58,1,3,1,3,0,15,3,20,2,3,1,0,0,1,0,3
E100894,41,0,4,2,1,3,0.0,2,4,1,62,2,2,3,2,1,17,1,10,3,3,8,7,0,7,0,3
E100898,35,0,3,2,5,13,1.0,1,3,1,80,3,2,3,1,0,16,4,5,3,3,5,4,0,3,0,3
E100899,34,1,1,2,5,13,1.0,21,4,4,74,4,2,4,1,0,12,4,10,3,3,10,7,5,7,0,3
E100900,26,1,5,2,1,3,1.0,24,3,3,66,1,1,4,1,1,18,2,1,3,1,1,0,0,0,1,3
E100901,37,0,5,2,1,3,1.0,1,3,2,59,3,3,4,4,0,17,4,12,3,4,6,5,1,2,0,4
E100902,46,0,3,1,1,15,2.0,18,1,1,86,3,3,3,5,0,11,4,28,3,2,2,2,1,2,0,2
E100903,41,0,1,1,5,8,1.0,2,5,2,91,3,4,1,7,0,16,2,22,2,3,18,3,1,8,0,2
E100908,52,1,5,0,1,3,1.0,6,2,4,78,3,2,1,3,1,12,2,18,3,3,10,9,6,9,0,3
E100912,38,0,3,1,0,1,1.0,10,3,3,76,3,2,3,3,0,19,3,18,4,3,1,0,0,0,0,3
E100913,37,0,1,1,1,3,1.0,1,4,2,65,3,2,2,6,0,12,2,8,2,2,6,5,4,3,0,3
E100916,49,1,1,0,1,15,1.0,18,4,4,58,2,5,3,1,1,17,3,10,3,3,5,9,0,9,0,3
E100917,24,1,3,1,1,3,1.0,23,3,2,89,4,1,4,1,1,11,2,6,3,3,6,5,1,4,0,3
E100919,26,1,2,1,5,13,1.0,28,2,1,66,3,2,2,1,0,20,4,6,3,4,5,3,1,4,0,3
E100921,24,1,4,1,1,3,1.0,17,2,4,94,2,1,2,1,0,21,4,1,2,3,1,0,0,0,0,4
E100922,50,1,3,1,3,8,2.0,3,3,1,99,3,5,2,1,0,11,3,10,2,3,5,5,1,7,0,2
E100923,25,1,3,1,5,14,1.0,13,1,2,40,3,1,3,1,0,11,3,7,1,3,7,4,0,6,0,3
E100925,24,0,1,1,1,15,2.0,7,3,1,55,3,1,3,1,1,16,4,6,4,3,6,3,1,2,1,2
E100927,34,1,1,1,1,3,1.0,1,2,2,83,2,1,4,1,1,13,4,6,3,3,6,5,1,3,0,3
E100928,31,1,3,0,5,13,1.0,13,4,2,46,3,2,1,2,0,17,3,9,2,1,3,1,1,2,1,3
E100931,31,1,3,0,5,13,1.0,6,4,1,66,4,2,4,4,0,22,4,13,4,4,7,7,5,7,0,2
E100933,27,0,3,0,1,3,1.0,6,4,1,66,2,1,3,0,0,12,3,6,3,2,5,3,0,3,0,3
E100934,37,1,2,1,5,13,1.0,2,3,4,75,3,2,3,4,1,11,3,17,3,2,3,0,1,0,0,3
E100937,42,0,1,1,1,3,1.0,2,4,3,81,3,2,4,1,0,13,2,10,4,3,10,2,2,2,0,3
E100939,43,1,4,0,1,3,1.0,6,4,2,50,2,4,4,4,1,14,3,21,3,2,1,0,0,0,0,3
E100940,38,0,1,2,1,3,1.0,1,1,3,43,3,1,1,3,0,17,4,8,3,2,0,0,0,0,0,3
E100941,43,1,3,0,1,15,2.0,9,5,4,72,3,2,3,3,1,13,2,10,3,3,8,7,4,7,0,3
E100942,48,0,1,1,1,15,1.0,1,4,4,40,2,4,1,7,0,11,1,21,3,1,3,2,0,2,0,3
E100943,44,0,1,2,3,6,1.0,1,4,1,50,2,2,3,4,0,11,2,10,1,4,2,2,0,2,0,3
E100944,34,0,5,0,5,14,1.0,14,3,3,31,3,1,3,1,1,18,4,8,3,3,8,2,0,6,0,3
E100945,27,1,2,0,5,14,1.0,2,1,3,85,3,1,1,0,0,11,2,5,3,3,4,3,0,2,1,3
E100947,21,1,5,2,5,14,1.0,22,1,3,49,3,1,3,1,0,11,3,3,2,3,3,2,1,2,0,3
E100949,44,1,4,1,1,15,1.0,3,4,4,35,3,5,4,4,1,12,1,26,2,4,2,2,0,1,0,3
E100953,22,1,3,1,1,3,1.0,6,1,1,69,3,1,3,0,0,20,4,3,3,3,2,2,2,2,0,3
E100957,32,0,1,1,1,3,1.0,9,4,1,92,3,2,4,1,1,12,4,6,2,2,6,4,0,5,0,3
E100958,30,0,3,0,1,3,2.0,3,3,3,71,3,1,3,1,0,20,3,1,2,3,1,0,0,0,0,4
E100961,34,1,1,1,1,15,1.0,1,5,2,42,3,1,4,1,0,12,4,10,4,2,10,9,1,8,0,3
E100964,26,0,1,1,1,3,1.0,6,3,3,71,3,1,4,1,1,13,3,3,2,3,3,2,0,2,0,3
E100967,37,1,4,1,1,3,1.0,3,3,3,36,3,3,3,1,0,15,3,10,2,3,10,7,7,8,0,3
E100968,29,0,3,1,5,13,1.0,3,2,2,62,3,2,3,1,0,14,1,6,3,2,6,0,1,2,0,3
E100969,35,1,1,2,1,15,1.0,6,4,2,82,1,2,4,1,0,13,2,17,3,3,17,11,1,8,0,3
E100976,54,1,3,1,3,6,1.0,19,4,3,88,3,3,2,2,0,15,3,16,1,4,9,7,7,1,0,3
E100977,36,1,3,0,1,3,1.0,9,2,2,48,2,2,2,2,1,11,3,13,2,3,3,2,0,2,0,3
E100979,20,1,3,2,1,15,1.0,10,1,4,32,3,1,3,1,1,11,4,1,3,3,1,0,1,1,1,3
E100980,33,1,1,2,1,15,2.0,3,3,1,70,3,1,1,1,1,11,1,10,3,3,10,8,1,7,1,3
E100983,23,1,3,1,1,3,1.0,4,3,1,58,4,1,1,2,0,16,1,5,3,4,3,2,0,2,0,4
E100985,25,1,1,1,5,13,1.0,8,3,4,57,4,2,2,0,0,22,3,4,4,3,3,2,1,2,0,4
E100987,38,0,2,2,5,13,1.0,7,4,4,46,2,2,4,0,0,20,1,8,2,3,7,7,0,5,0,4
E100988,29,1,1,0,1,3,2.0,1,4,2,76,1,1,4,1,0,18,4,10,3,3,10,7,2,8,0,3
E100990,48,1,2,1,5,13,1.0,2,1,2,56,4,2,2,3,0,12,4,12,3,3,2,2,2,2,0,3
E100992,27,0,3,0,5,13,2.0,3,1,4,71,4,2,4,1,1,20,2,6,3,3,6,5,0,4,0,4
E100993,37,1,1,2,1,15,1.0,10,2,4,80,4,1,4,3,0,17,1,4,2,3,1,0,0,0,0,3
E100994,50,1,3,1,1,15,1.0,28,1,4,74,4,1,3,1,1,11,3,20,3,3,20,8,3,8,0,3
E100995,34,0,3,2,0,1,1.0,9,3,4,46,2,3,2,1,0,14,2,9,3,4,8,7,7,7,0,3
E100998,24,0,1,2,5,13,1.0,3,2,1,65,3,2,3,9,0,14,1,4,3,3,2,2,2,0,1,2
